<annotation>
	<folder>metinek</folder>
	<filename>1691749314.9392555_gray.jpg</filename>
	<path>/metinek/1691749314.9392555_gray.jpg</path>
	<source>
		<database>Unspecified</database>
	</source>
	<size>
		<width>716</width>
		<height>539</height>
		<depth>3</depth>
	</size>
	<object>
		<name>Metin</name>
		<pose>Unspecified</pose>
		<truncated>0</truncated>
		<difficult>0</difficult>
		<bndbox>
			<xmin>361</xmin>
			<ymin>317</ymin>
			<xmax>454</xmax>
			<ymax>438</ymax>
		</bndbox>
	</object>
</annotation>