<annotation>
	<folder>metinek</folder>
	<filename>1691749234.343495_gray.jpg</filename>
	<path>/metinek/1691749234.343495_gray.jpg</path>
	<source>
		<database>Unspecified</database>
	</source>
	<size>
		<width>716</width>
		<height>539</height>
		<depth>3</depth>
	</size>
	<object>
		<name>Metin</name>
		<pose>Unspecified</pose>
		<truncated>0</truncated>
		<difficult>0</difficult>
		<bndbox>
			<xmin>541</xmin>
			<ymin>345</ymin>
			<xmax>609</xmax>
			<ymax>435</ymax>
		</bndbox>
	</object>
	<object>
		<name>Character</name>
		<pose>Unspecified</pose>
		<truncated>0</truncated>
		<difficult>0</difficult>
		<bndbox>
			<xmin>309</xmin>
			<ymin>201</ymin>
			<xmax>378</xmax>
			<ymax>295</ymax>
		</bndbox>
	</object>
	<object>
		<name>Character</name>
		<pose>Unspecified</pose>
		<truncated>0</truncated>
		<difficult>0</difficult>
		<bndbox>
			<xmin>385</xmin>
			<ymin>230</ymin>
			<xmax>411</xmax>
			<ymax>296</ymax>
		</bndbox>
	</object>
</annotation>