<annotation>
	<folder>metinek</folder>
	<filename>1691749272.8565176_gray.jpg</filename>
	<path>/metinek/1691749272.8565176_gray.jpg</path>
	<source>
		<database>Unspecified</database>
	</source>
	<size>
		<width>716</width>
		<height>539</height>
		<depth>3</depth>
	</size>
	<object>
		<name>Character</name>
		<pose>Unspecified</pose>
		<truncated>0</truncated>
		<difficult>0</difficult>
		<bndbox>
			<xmin>336</xmin>
			<ymin>271</ymin>
			<xmax>371</xmax>
			<ymax>322</ymax>
		</bndbox>
	</object>
	<object>
		<name>Character</name>
		<pose>Unspecified</pose>
		<truncated>0</truncated>
		<difficult>0</difficult>
		<bndbox>
			<xmin>321</xmin>
			<ymin>205</ymin>
			<xmax>408</xmax>
			<ymax>276</ymax>
		</bndbox>
	</object>
</annotation>