<annotation>
	<folder>metinek</folder>
	<filename>1691749272.4965575_gray.jpg</filename>
	<path>/metinek/1691749272.4965575_gray.jpg</path>
	<source>
		<database>Unspecified</database>
	</source>
	<size>
		<width>716</width>
		<height>539</height>
		<depth>3</depth>
	</size>
	<object>
		<name>Character</name>
		<pose>Unspecified</pose>
		<truncated>0</truncated>
		<difficult>0</difficult>
		<bndbox>
			<xmin>312</xmin>
			<ymin>197</ymin>
			<xmax>415</xmax>
			<ymax>279</ymax>
		</bndbox>
	</object>
	<object>
		<name>Character</name>
		<pose>Unspecified</pose>
		<truncated>0</truncated>
		<difficult>0</difficult>
		<bndbox>
			<xmin>289</xmin>
			<ymin>267</ymin>
			<xmax>336</xmax>
			<ymax>314</ymax>
		</bndbox>
	</object>
</annotation>