<annotation>
	<folder>metinek</folder>
	<filename>1691749272.8916423_gray.jpg</filename>
	<path>/metinek/1691749272.8916423_gray.jpg</path>
	<source>
		<database>Unspecified</database>
	</source>
	<size>
		<width>716</width>
		<height>539</height>
		<depth>3</depth>
	</size>
	<object>
		<name>Character</name>
		<pose>Unspecified</pose>
		<truncated>0</truncated>
		<difficult>0</difficult>
		<bndbox>
			<xmin>343</xmin>
			<ymin>264</ymin>
			<xmax>378</xmax>
			<ymax>317</ymax>
		</bndbox>
	</object>
	<object>
		<name>Character</name>
		<pose>Unspecified</pose>
		<truncated>0</truncated>
		<difficult>0</difficult>
		<bndbox>
			<xmin>316</xmin>
			<ymin>203</ymin>
			<xmax>409</xmax>
			<ymax>277</ymax>
		</bndbox>
	</object>
</annotation>