<annotation>
	<folder>metinek</folder>
	<filename>1691749249.1812997_gray.jpg</filename>
	<path>/metinek/1691749249.1812997_gray.jpg</path>
	<source>
		<database>Unspecified</database>
	</source>
	<size>
		<width>716</width>
		<height>539</height>
		<depth>3</depth>
	</size>
	<object>
		<name>Metin</name>
		<pose>Unspecified</pose>
		<truncated>0</truncated>
		<difficult>0</difficult>
		<bndbox>
			<xmin>340</xmin>
			<ymin>172</ymin>
			<xmax>387</xmax>
			<ymax>224</ymax>
		</bndbox>
	</object>
	<object>
		<name>Character</name>
		<pose>Unspecified</pose>
		<truncated>0</truncated>
		<difficult>0</difficult>
		<bndbox>
			<xmin>305</xmin>
			<ymin>208</ymin>
			<xmax>376</xmax>
			<ymax>285</ymax>
		</bndbox>
	</object>
	<object>
		<name>Character</name>
		<pose>Unspecified</pose>
		<truncated>0</truncated>
		<difficult>0</difficult>
		<bndbox>
			<xmin>395</xmin>
			<ymin>240</ymin>
			<xmax>420</xmax>
			<ymax>285</ymax>
		</bndbox>
	</object>
</annotation>