<annotation>
	<folder>metinek</folder>
	<filename>1691749273.1869535_gray.jpg</filename>
	<path>/metinek/1691749273.1869535_gray.jpg</path>
	<source>
		<database>Unspecified</database>
	</source>
	<size>
		<width>716</width>
		<height>539</height>
		<depth>3</depth>
	</size>
	<object>
		<name>Character</name>
		<pose>Unspecified</pose>
		<truncated>0</truncated>
		<difficult>0</difficult>
		<bndbox>
			<xmin>369</xmin>
			<ymin>265</ymin>
			<xmax>407</xmax>
			<ymax>302</ymax>
		</bndbox>
	</object>
	<object>
		<name>Character</name>
		<pose>Unspecified</pose>
		<truncated>0</truncated>
		<difficult>0</difficult>
		<bndbox>
			<xmin>299</xmin>
			<ymin>210</ymin>
			<xmax>394</xmax>
			<ymax>276</ymax>
		</bndbox>
	</object>
</annotation>