<annotation>
	<folder>metinek</folder>
	<filename>1691749248.8837109_gray.jpg</filename>
	<path>/metinek/1691749248.8837109_gray.jpg</path>
	<source>
		<database>Unspecified</database>
	</source>
	<size>
		<width>716</width>
		<height>539</height>
		<depth>3</depth>
	</size>
	<object>
		<name>Metin</name>
		<pose>Unspecified</pose>
		<truncated>0</truncated>
		<difficult>0</difficult>
		<bndbox>
			<xmin>410</xmin>
			<ymin>183</ymin>
			<xmax>447</xmax>
			<ymax>230</ymax>
		</bndbox>
	</object>
	<object>
		<name>Character</name>
		<pose>Unspecified</pose>
		<truncated>0</truncated>
		<difficult>0</difficult>
		<bndbox>
			<xmin>373</xmin>
			<ymin>248</ymin>
			<xmax>410</xmax>
			<ymax>295</ymax>
		</bndbox>
	</object>
	<object>
		<name>Character</name>
		<pose>Unspecified</pose>
		<truncated>0</truncated>
		<difficult>0</difficult>
		<bndbox>
			<xmin>325</xmin>
			<ymin>208</ymin>
			<xmax>382</xmax>
			<ymax>288</ymax>
		</bndbox>
	</object>
</annotation>