<annotation>
	<folder>metinek</folder>
	<filename>1691749273.092039_gray.jpg</filename>
	<path>/metinek/1691749273.092039_gray.jpg</path>
	<source>
		<database>Unspecified</database>
	</source>
	<size>
		<width>716</width>
		<height>539</height>
		<depth>3</depth>
	</size>
	<object>
		<name>Character</name>
		<pose>Unspecified</pose>
		<truncated>0</truncated>
		<difficult>0</difficult>
		<bndbox>
			<xmin>364</xmin>
			<ymin>266</ymin>
			<xmax>402</xmax>
			<ymax>325</ymax>
		</bndbox>
	</object>
	<object>
		<name>Character</name>
		<pose>Unspecified</pose>
		<truncated>0</truncated>
		<difficult>0</difficult>
		<bndbox>
			<xmin>318</xmin>
			<ymin>208</ymin>
			<xmax>401</xmax>
			<ymax>284</ymax>
		</bndbox>
	</object>
</annotation>