<annotation>
	<folder>metinek</folder>
	<filename>1691749250.7947557_gray.jpg</filename>
	<path>/metinek/1691749250.7947557_gray.jpg</path>
	<source>
		<database>Unspecified</database>
	</source>
	<size>
		<width>716</width>
		<height>539</height>
		<depth>3</depth>
	</size>
	<object>
		<name>Metin</name>
		<pose>Unspecified</pose>
		<truncated>0</truncated>
		<difficult>0</difficult>
		<bndbox>
			<xmin>211</xmin>
			<ymin>275</ymin>
			<xmax>260</xmax>
			<ymax>346</ymax>
		</bndbox>
	</object>
	<object>
		<name>Character</name>
		<pose>Unspecified</pose>
		<truncated>0</truncated>
		<difficult>0</difficult>
		<bndbox>
			<xmin>328</xmin>
			<ymin>207</ymin>
			<xmax>392</xmax>
			<ymax>291</ymax>
		</bndbox>
	</object>
	<object>
		<name>Character</name>
		<pose>Unspecified</pose>
		<truncated>0</truncated>
		<difficult>0</difficult>
		<bndbox>
			<xmin>306</xmin>
			<ymin>212</ymin>
			<xmax>338</xmax>
			<ymax>261</ymax>
		</bndbox>
	</object>
</annotation>