<annotation>
	<folder>metinek</folder>
	<filename>1691749272.3234012_gray.jpg</filename>
	<path>/metinek/1691749272.3234012_gray.jpg</path>
	<source>
		<database>Unspecified</database>
	</source>
	<size>
		<width>716</width>
		<height>539</height>
		<depth>3</depth>
	</size>
	<object>
		<name>Character</name>
		<pose>Unspecified</pose>
		<truncated>0</truncated>
		<difficult>0</difficult>
		<bndbox>
			<xmin>317</xmin>
			<ymin>208</ymin>
			<xmax>414</xmax>
			<ymax>284</ymax>
		</bndbox>
	</object>
	<object>
		<name>Character</name>
		<pose>Unspecified</pose>
		<truncated>0</truncated>
		<difficult>0</difficult>
		<bndbox>
			<xmin>292</xmin>
			<ymin>251</ymin>
			<xmax>333</xmax>
			<ymax>301</ymax>
		</bndbox>
	</object>
</annotation>