<annotation>
	<folder>metinek</folder>
	<filename>1691749269.711275_gray.jpg</filename>
	<path>/metinek/1691749269.711275_gray.jpg</path>
	<source>
		<database>Unspecified</database>
	</source>
	<size>
		<width>716</width>
		<height>539</height>
		<depth>3</depth>
	</size>
	<object>
		<name>Character</name>
		<pose>Unspecified</pose>
		<truncated>0</truncated>
		<difficult>0</difficult>
		<bndbox>
			<xmin>283</xmin>
			<ymin>197</ymin>
			<xmax>386</xmax>
			<ymax>291</ymax>
		</bndbox>
	</object>
	<object>
		<name>Character</name>
		<pose>Unspecified</pose>
		<truncated>0</truncated>
		<difficult>0</difficult>
		<bndbox>
			<xmin>497</xmin>
			<ymin>181</ymin>
			<xmax>547</xmax>
			<ymax>253</ymax>
		</bndbox>
	</object>
</annotation>