<annotation>
	<folder>metinek</folder>
	<filename>1691749249.5717404_gray.jpg</filename>
	<path>/metinek/1691749249.5717404_gray.jpg</path>
	<source>
		<database>Unspecified</database>
	</source>
	<size>
		<width>716</width>
		<height>539</height>
		<depth>3</depth>
	</size>
	<object>
		<name>Metin</name>
		<pose>Unspecified</pose>
		<truncated>0</truncated>
		<difficult>0</difficult>
		<bndbox>
			<xmin>250</xmin>
			<ymin>181</ymin>
			<xmax>292</xmax>
			<ymax>232</ymax>
		</bndbox>
	</object>
	<object>
		<name>Character</name>
		<pose>Unspecified</pose>
		<truncated>0</truncated>
		<difficult>0</difficult>
		<bndbox>
			<xmin>286</xmin>
			<ymin>208</ymin>
			<xmax>384</xmax>
			<ymax>289</ymax>
		</bndbox>
	</object>
	<object>
		<name>Character</name>
		<pose>Unspecified</pose>
		<truncated>0</truncated>
		<difficult>0</difficult>
		<bndbox>
			<xmin>397</xmin>
			<ymin>226</ymin>
			<xmax>425</xmax>
			<ymax>278</ymax>
		</bndbox>
	</object>
</annotation>