<annotation>
	<folder>metinek</folder>
	<filename>1691749245.2932189_gray.jpg</filename>
	<path>/metinek/1691749245.2932189_gray.jpg</path>
	<source>
		<database>Unspecified</database>
	</source>
	<size>
		<width>716</width>
		<height>539</height>
		<depth>3</depth>
	</size>
	<object>
		<name>Metin</name>
		<pose>Unspecified</pose>
		<truncated>0</truncated>
		<difficult>0</difficult>
		<bndbox>
			<xmin>330</xmin>
			<ymin>176</ymin>
			<xmax>363</xmax>
			<ymax>220</ymax>
		</bndbox>
	</object>
	<object>
		<name>Character</name>
		<pose>Unspecified</pose>
		<truncated>0</truncated>
		<difficult>0</difficult>
		<bndbox>
			<xmin>300</xmin>
			<ymin>209</ymin>
			<xmax>378</xmax>
			<ymax>282</ymax>
		</bndbox>
	</object>
	<object>
		<name>Character</name>
		<pose>Unspecified</pose>
		<truncated>0</truncated>
		<difficult>0</difficult>
		<bndbox>
			<xmin>394</xmin>
			<ymin>237</ymin>
			<xmax>426</xmax>
			<ymax>284</ymax>
		</bndbox>
	</object>
</annotation>