<annotation>
	<folder>metinek</folder>
	<filename>1691749249.447141_gray.jpg</filename>
	<path>/metinek/1691749249.447141_gray.jpg</path>
	<source>
		<database>Unspecified</database>
	</source>
	<size>
		<width>716</width>
		<height>539</height>
		<depth>3</depth>
	</size>
	<object>
		<name>Metin</name>
		<pose>Unspecified</pose>
		<truncated>0</truncated>
		<difficult>0</difficult>
		<bndbox>
			<xmin>278</xmin>
			<ymin>178</ymin>
			<xmax>322</xmax>
			<ymax>228</ymax>
		</bndbox>
	</object>
	<object>
		<name>Character</name>
		<pose>Unspecified</pose>
		<truncated>0</truncated>
		<difficult>0</difficult>
		<bndbox>
			<xmin>292</xmin>
			<ymin>208</ymin>
			<xmax>383</xmax>
			<ymax>278</ymax>
		</bndbox>
	</object>
	<object>
		<name>Character</name>
		<pose>Unspecified</pose>
		<truncated>0</truncated>
		<difficult>0</difficult>
		<bndbox>
			<xmin>398</xmin>
			<ymin>227</ymin>
			<xmax>424</xmax>
			<ymax>274</ymax>
		</bndbox>
	</object>
</annotation>