<annotation>
	<folder>metinek</folder>
	<filename>1691749244.9656603_gray.jpg</filename>
	<path>/metinek/1691749244.9656603_gray.jpg</path>
	<source>
		<database>Unspecified</database>
	</source>
	<size>
		<width>716</width>
		<height>539</height>
		<depth>3</depth>
	</size>
	<object>
		<name>Metin</name>
		<pose>Unspecified</pose>
		<truncated>0</truncated>
		<difficult>0</difficult>
		<bndbox>
			<xmin>393</xmin>
			<ymin>181</ymin>
			<xmax>441</xmax>
			<ymax>230</ymax>
		</bndbox>
	</object>
	<object>
		<name>Character</name>
		<pose>Unspecified</pose>
		<truncated>0</truncated>
		<difficult>0</difficult>
		<bndbox>
			<xmin>320</xmin>
			<ymin>208</ymin>
			<xmax>378</xmax>
			<ymax>283</ymax>
		</bndbox>
	</object>
	<object>
		<name>Character</name>
		<pose>Unspecified</pose>
		<truncated>0</truncated>
		<difficult>0</difficult>
		<bndbox>
			<xmin>380</xmin>
			<ymin>248</ymin>
			<xmax>408</xmax>
			<ymax>292</ymax>
		</bndbox>
	</object>
</annotation>