<annotation>
	<folder>metinek</folder>
	<filename>1691749249.7775059_gray.jpg</filename>
	<path>/metinek/1691749249.7775059_gray.jpg</path>
	<source>
		<database>Unspecified</database>
	</source>
	<size>
		<width>716</width>
		<height>539</height>
		<depth>3</depth>
	</size>
	<object>
		<name>Metin</name>
		<pose>Unspecified</pose>
		<truncated>0</truncated>
		<difficult>0</difficult>
		<bndbox>
			<xmin>211</xmin>
			<ymin>190</ymin>
			<xmax>255</xmax>
			<ymax>245</ymax>
		</bndbox>
	</object>
	<object>
		<name>Character</name>
		<pose>Unspecified</pose>
		<truncated>0</truncated>
		<difficult>0</difficult>
		<bndbox>
			<xmin>391</xmin>
			<ymin>219</ymin>
			<xmax>413</xmax>
			<ymax>271</ymax>
		</bndbox>
	</object>
	<object>
		<name>Character</name>
		<pose>Unspecified</pose>
		<truncated>0</truncated>
		<difficult>0</difficult>
		<bndbox>
			<xmin>291</xmin>
			<ymin>208</ymin>
			<xmax>383</xmax>
			<ymax>289</ymax>
		</bndbox>
	</object>
</annotation>