<annotation>
	<folder>metinek</folder>
	<filename>1691749243.2702613_gray.jpg</filename>
	<path>/metinek/1691749243.2702613_gray.jpg</path>
	<source>
		<database>Unspecified</database>
	</source>
	<size>
		<width>716</width>
		<height>539</height>
		<depth>3</depth>
	</size>
	<object>
		<name>Metin</name>
		<pose>Unspecified</pose>
		<truncated>0</truncated>
		<difficult>0</difficult>
		<bndbox>
			<xmin>320</xmin>
			<ymin>293</ymin>
			<xmax>388</xmax>
			<ymax>358</ymax>
		</bndbox>
	</object>
	<object>
		<name>Character</name>
		<pose>Unspecified</pose>
		<truncated>0</truncated>
		<difficult>0</difficult>
		<bndbox>
			<xmin>324</xmin>
			<ymin>201</ymin>
			<xmax>396</xmax>
			<ymax>280</ymax>
		</bndbox>
	</object>
	<object>
		<name>Character</name>
		<pose>Unspecified</pose>
		<truncated>0</truncated>
		<difficult>0</difficult>
		<bndbox>
			<xmin>282</xmin>
			<ymin>219</ymin>
			<xmax>315</xmax>
			<ymax>268</ymax>
		</bndbox>
	</object>
</annotation>