<annotation>
	<folder>metinek</folder>
	<filename>1691749273.3102462_gray.jpg</filename>
	<path>/metinek/1691749273.3102462_gray.jpg</path>
	<source>
		<database>Unspecified</database>
	</source>
	<size>
		<width>716</width>
		<height>539</height>
		<depth>3</depth>
	</size>
	<object>
		<name>Character</name>
		<pose>Unspecified</pose>
		<truncated>0</truncated>
		<difficult>0</difficult>
		<bndbox>
			<xmin>379</xmin>
			<ymin>257</ymin>
			<xmax>418</xmax>
			<ymax>313</ymax>
		</bndbox>
	</object>
	<object>
		<name>Character</name>
		<pose>Unspecified</pose>
		<truncated>0</truncated>
		<difficult>0</difficult>
		<bndbox>
			<xmin>293</xmin>
			<ymin>199</ymin>
			<xmax>384</xmax>
			<ymax>292</ymax>
		</bndbox>
	</object>
</annotation>