<annotation>
	<folder>metinek</folder>
	<filename>1691749250.3575947_gray.jpg</filename>
	<path>/metinek/1691749250.3575947_gray.jpg</path>
	<source>
		<database>Unspecified</database>
	</source>
	<size>
		<width>716</width>
		<height>539</height>
		<depth>3</depth>
	</size>
	<object>
		<name>Metin</name>
		<pose>Unspecified</pose>
		<truncated>0</truncated>
		<difficult>0</difficult>
		<bndbox>
			<xmin>154</xmin>
			<ymin>231</ymin>
			<xmax>212</xmax>
			<ymax>292</ymax>
		</bndbox>
	</object>
	<object>
		<name>Character</name>
		<pose>Unspecified</pose>
		<truncated>0</truncated>
		<difficult>0</difficult>
		<bndbox>
			<xmin>300</xmin>
			<ymin>203</ymin>
			<xmax>388</xmax>
			<ymax>295</ymax>
		</bndbox>
	</object>
</annotation>