<annotation>
	<folder>metinek</folder>
	<filename>1691749249.1047595_gray.jpg</filename>
	<path>/metinek/1691749249.1047595_gray.jpg</path>
	<source>
		<database>Unspecified</database>
	</source>
	<size>
		<width>716</width>
		<height>539</height>
		<depth>3</depth>
	</size>
	<object>
		<name>Metin</name>
		<pose>Unspecified</pose>
		<truncated>0</truncated>
		<difficult>0</difficult>
		<bndbox>
			<xmin>351</xmin>
			<ymin>174</ymin>
			<xmax>396</xmax>
			<ymax>222</ymax>
		</bndbox>
	</object>
	<object>
		<name>Character</name>
		<pose>Unspecified</pose>
		<truncated>0</truncated>
		<difficult>0</difficult>
		<bndbox>
			<xmin>390</xmin>
			<ymin>237</ymin>
			<xmax>422</xmax>
			<ymax>287</ymax>
		</bndbox>
	</object>
	<object>
		<name>Character</name>
		<pose>Unspecified</pose>
		<truncated>0</truncated>
		<difficult>0</difficult>
		<bndbox>
			<xmin>308</xmin>
			<ymin>205</ymin>
			<xmax>382</xmax>
			<ymax>285</ymax>
		</bndbox>
	</object>
</annotation>