<annotation>
	<folder>metinek</folder>
	<filename>1691749250.6253078_gray.jpg</filename>
	<path>/metinek/1691749250.6253078_gray.jpg</path>
	<source>
		<database>Unspecified</database>
	</source>
	<size>
		<width>716</width>
		<height>539</height>
		<depth>3</depth>
	</size>
	<object>
		<name>Metin</name>
		<pose>Unspecified</pose>
		<truncated>0</truncated>
		<difficult>0</difficult>
		<bndbox>
			<xmin>174</xmin>
			<ymin>262</ymin>
			<xmax>235</xmax>
			<ymax>324</ymax>
		</bndbox>
	</object>
	<object>
		<name>Character</name>
		<pose>Unspecified</pose>
		<truncated>0</truncated>
		<difficult>0</difficult>
		<bndbox>
			<xmin>317</xmin>
			<ymin>201</ymin>
			<xmax>380</xmax>
			<ymax>287</ymax>
		</bndbox>
	</object>
</annotation>