<annotation>
	<folder>metinek</folder>
	<filename>1691749272.5748825_gray.jpg</filename>
	<path>/metinek/1691749272.5748825_gray.jpg</path>
	<source>
		<database>Unspecified</database>
	</source>
	<size>
		<width>716</width>
		<height>539</height>
		<depth>3</depth>
	</size>
	<object>
		<name>Character</name>
		<pose>Unspecified</pose>
		<truncated>0</truncated>
		<difficult>0</difficult>
		<bndbox>
			<xmin>314</xmin>
			<ymin>208</ymin>
			<xmax>416</xmax>
			<ymax>287</ymax>
		</bndbox>
	</object>
	<object>
		<name>Character</name>
		<pose>Unspecified</pose>
		<truncated>0</truncated>
		<difficult>0</difficult>
		<bndbox>
			<xmin>298</xmin>
			<ymin>263</ymin>
			<xmax>359</xmax>
			<ymax>331</ymax>
		</bndbox>
	</object>
</annotation>