<annotation>
	<folder>metinek</folder>
	<filename>1691749273.3410876_gray.jpg</filename>
	<path>/metinek/1691749273.3410876_gray.jpg</path>
	<source>
		<database>Unspecified</database>
	</source>
	<size>
		<width>716</width>
		<height>539</height>
		<depth>3</depth>
	</size>
	<object>
		<name>Character</name>
		<pose>Unspecified</pose>
		<truncated>0</truncated>
		<difficult>0</difficult>
		<bndbox>
			<xmin>386</xmin>
			<ymin>265</ymin>
			<xmax>418</xmax>
			<ymax>315</ymax>
		</bndbox>
	</object>
	<object>
		<name>Character</name>
		<pose>Unspecified</pose>
		<truncated>0</truncated>
		<difficult>0</difficult>
		<bndbox>
			<xmin>312</xmin>
			<ymin>207</ymin>
			<xmax>395</xmax>
			<ymax>279</ymax>
		</bndbox>
	</object>
</annotation>