<annotation>
	<folder>metinek</folder>
	<filename>1691749256.6597085_gray.jpg</filename>
	<path>/metinek/1691749256.6597085_gray.jpg</path>
	<source>
		<database>Unspecified</database>
	</source>
	<size>
		<width>716</width>
		<height>539</height>
		<depth>3</depth>
	</size>
	<object>
		<name>Character</name>
		<pose>Unspecified</pose>
		<truncated>0</truncated>
		<difficult>0</difficult>
		<bndbox>
			<xmin>326</xmin>
			<ymin>195</ymin>
			<xmax>394</xmax>
			<ymax>270</ymax>
		</bndbox>
	</object>
</annotation>