<annotation>
	<folder>metinek</folder>
	<filename>1691749245.1217432_gray.jpg</filename>
	<path>/metinek/1691749245.1217432_gray.jpg</path>
	<source>
		<database>Unspecified</database>
	</source>
	<size>
		<width>716</width>
		<height>539</height>
		<depth>3</depth>
	</size>
	<object>
		<name>Metin</name>
		<pose>Unspecified</pose>
		<truncated>0</truncated>
		<difficult>0</difficult>
		<bndbox>
			<xmin>362</xmin>
			<ymin>176</ymin>
			<xmax>403</xmax>
			<ymax>224</ymax>
		</bndbox>
	</object>
	<object>
		<name>Character</name>
		<pose>Unspecified</pose>
		<truncated>0</truncated>
		<difficult>0</difficult>
		<bndbox>
			<xmin>309</xmin>
			<ymin>203</ymin>
			<xmax>371</xmax>
			<ymax>281</ymax>
		</bndbox>
	</object>
	<object>
		<name>Character</name>
		<pose>Unspecified</pose>
		<truncated>0</truncated>
		<difficult>0</difficult>
		<bndbox>
			<xmin>388</xmin>
			<ymin>244</ymin>
			<xmax>423</xmax>
			<ymax>290</ymax>
		</bndbox>
	</object>
</annotation>