<annotation>
	<folder>metinek</folder>
	<filename>1691749249.137985_gray.jpg</filename>
	<path>/metinek/1691749249.137985_gray.jpg</path>
	<source>
		<database>Unspecified</database>
	</source>
	<size>
		<width>716</width>
		<height>539</height>
		<depth>3</depth>
	</size>
	<object>
		<name>Metin</name>
		<pose>Unspecified</pose>
		<truncated>0</truncated>
		<difficult>0</difficult>
		<bndbox>
			<xmin>347</xmin>
			<ymin>177</ymin>
			<xmax>389</xmax>
			<ymax>224</ymax>
		</bndbox>
	</object>
	<object>
		<name>Character</name>
		<pose>Unspecified</pose>
		<truncated>0</truncated>
		<difficult>0</difficult>
		<bndbox>
			<xmin>389</xmin>
			<ymin>240</ymin>
			<xmax>420</xmax>
			<ymax>286</ymax>
		</bndbox>
	</object>
	<object>
		<name>Character</name>
		<pose>Unspecified</pose>
		<truncated>0</truncated>
		<difficult>0</difficult>
		<bndbox>
			<xmin>309</xmin>
			<ymin>203</ymin>
			<xmax>376</xmax>
			<ymax>283</ymax>
		</bndbox>
	</object>
</annotation>