<annotation>
	<folder>metinek</folder>
	<filename>1691749248.5555515_gray.jpg</filename>
	<path>/metinek/1691749248.5555515_gray.jpg</path>
	<source>
		<database>Unspecified</database>
	</source>
	<size>
		<width>716</width>
		<height>539</height>
		<depth>3</depth>
	</size>
	<object>
		<name>Metin</name>
		<pose>Unspecified</pose>
		<truncated>0</truncated>
		<difficult>0</difficult>
		<bndbox>
			<xmin>468</xmin>
			<ymin>199</ymin>
			<xmax>510</xmax>
			<ymax>257</ymax>
		</bndbox>
	</object>
	<object>
		<name>Character</name>
		<pose>Unspecified</pose>
		<truncated>0</truncated>
		<difficult>0</difficult>
		<bndbox>
			<xmin>346</xmin>
			<ymin>256</ymin>
			<xmax>376</xmax>
			<ymax>305</ymax>
		</bndbox>
	</object>
	<object>
		<name>Character</name>
		<pose>Unspecified</pose>
		<truncated>0</truncated>
		<difficult>0</difficult>
		<bndbox>
			<xmin>320</xmin>
			<ymin>211</ymin>
			<xmax>391</xmax>
			<ymax>286</ymax>
		</bndbox>
	</object>
</annotation>