<annotation>
	<folder>metinek</folder>
	<filename>1691749246.668677_gray.jpg</filename>
	<path>/metinek/1691749246.668677_gray.jpg</path>
	<source>
		<database>Unspecified</database>
	</source>
	<size>
		<width>716</width>
		<height>539</height>
		<depth>3</depth>
	</size>
	<object>
		<name>Metin</name>
		<pose>Unspecified</pose>
		<truncated>0</truncated>
		<difficult>0</difficult>
		<bndbox>
			<xmin>173</xmin>
			<ymin>252</ymin>
			<xmax>236</xmax>
			<ymax>329</ymax>
		</bndbox>
	</object>
	<object>
		<name>Character</name>
		<pose>Unspecified</pose>
		<truncated>0</truncated>
		<difficult>0</difficult>
		<bndbox>
			<xmin>315</xmin>
			<ymin>208</ymin>
			<xmax>387</xmax>
			<ymax>293</ymax>
		</bndbox>
	</object>
</annotation>