<annotation>
	<folder>metinek</folder>
	<filename>1691749249.638247_gray.jpg</filename>
	<path>/metinek/1691749249.638247_gray.jpg</path>
	<source>
		<database>Unspecified</database>
	</source>
	<size>
		<width>716</width>
		<height>539</height>
		<depth>3</depth>
	</size>
	<object>
		<name>Metin</name>
		<pose>Unspecified</pose>
		<truncated>0</truncated>
		<difficult>0</difficult>
		<bndbox>
			<xmin>237</xmin>
			<ymin>187</ymin>
			<xmax>278</xmax>
			<ymax>241</ymax>
		</bndbox>
	</object>
	<object>
		<name>Character</name>
		<pose>Unspecified</pose>
		<truncated>0</truncated>
		<difficult>0</difficult>
		<bndbox>
			<xmin>396</xmin>
			<ymin>226</ymin>
			<xmax>428</xmax>
			<ymax>274</ymax>
		</bndbox>
	</object>
	<object>
		<name>Character</name>
		<pose>Unspecified</pose>
		<truncated>0</truncated>
		<difficult>0</difficult>
		<bndbox>
			<xmin>282</xmin>
			<ymin>206</ymin>
			<xmax>387</xmax>
			<ymax>290</ymax>
		</bndbox>
	</object>
</annotation>