<annotation>
	<folder>metinek</folder>
	<filename>1691749245.465718_gray.jpg</filename>
	<path>/metinek/1691749245.465718_gray.jpg</path>
	<source>
		<database>Unspecified</database>
	</source>
	<size>
		<width>716</width>
		<height>539</height>
		<depth>3</depth>
	</size>
	<object>
		<name>Metin</name>
		<pose>Unspecified</pose>
		<truncated>0</truncated>
		<difficult>0</difficult>
		<bndbox>
			<xmin>285</xmin>
			<ymin>179</ymin>
			<xmax>322</xmax>
			<ymax>226</ymax>
		</bndbox>
	</object>
	<object>
		<name>Character</name>
		<pose>Unspecified</pose>
		<truncated>0</truncated>
		<difficult>0</difficult>
		<bndbox>
			<xmin>398</xmin>
			<ymin>228</ymin>
			<xmax>422</xmax>
			<ymax>278</ymax>
		</bndbox>
	</object>
	<object>
		<name>Character</name>
		<pose>Unspecified</pose>
		<truncated>0</truncated>
		<difficult>0</difficult>
		<bndbox>
			<xmin>300</xmin>
			<ymin>210</ymin>
			<xmax>384</xmax>
			<ymax>280</ymax>
		</bndbox>
	</object>
</annotation>