<annotation>
	<folder>metinek</folder>
	<filename>1691749249.5096252_gray.jpg</filename>
	<path>/metinek/1691749249.5096252_gray.jpg</path>
	<source>
		<database>Unspecified</database>
	</source>
	<size>
		<width>716</width>
		<height>539</height>
		<depth>3</depth>
	</size>
	<object>
		<name>Metin</name>
		<pose>Unspecified</pose>
		<truncated>0</truncated>
		<difficult>0</difficult>
		<bndbox>
			<xmin>264</xmin>
			<ymin>176</ymin>
			<xmax>305</xmax>
			<ymax>235</ymax>
		</bndbox>
	</object>
	<object>
		<name>Character</name>
		<pose>Unspecified</pose>
		<truncated>0</truncated>
		<difficult>0</difficult>
		<bndbox>
			<xmin>293</xmin>
			<ymin>205</ymin>
			<xmax>384</xmax>
			<ymax>284</ymax>
		</bndbox>
	</object>
	<object>
		<name>Character</name>
		<pose>Unspecified</pose>
		<truncated>0</truncated>
		<difficult>0</difficult>
		<bndbox>
			<xmin>396</xmin>
			<ymin>222</ymin>
			<xmax>430</xmax>
			<ymax>281</ymax>
		</bndbox>
	</object>
</annotation>