<annotation>
	<folder>metinek</folder>
	<filename>1691749248.712891_gray.jpg</filename>
	<path>/metinek/1691749248.712891_gray.jpg</path>
	<source>
		<database>Unspecified</database>
	</source>
	<size>
		<width>716</width>
		<height>539</height>
		<depth>3</depth>
	</size>
	<object>
		<name>Metin</name>
		<pose>Unspecified</pose>
		<truncated>0</truncated>
		<difficult>0</difficult>
		<bndbox>
			<xmin>444</xmin>
			<ymin>189</ymin>
			<xmax>487</xmax>
			<ymax>241</ymax>
		</bndbox>
	</object>
	<object>
		<name>Character</name>
		<pose>Unspecified</pose>
		<truncated>0</truncated>
		<difficult>0</difficult>
		<bndbox>
			<xmin>319</xmin>
			<ymin>204</ymin>
			<xmax>380</xmax>
			<ymax>281</ymax>
		</bndbox>
	</object>
	<object>
		<name>Character</name>
		<pose>Unspecified</pose>
		<truncated>0</truncated>
		<difficult>0</difficult>
		<bndbox>
			<xmin>359</xmin>
			<ymin>253</ymin>
			<xmax>394</xmax>
			<ymax>301</ymax>
		</bndbox>
	</object>
</annotation>