<annotation>
	<folder>metinek</folder>
	<filename>1691749248.9792054_gray.jpg</filename>
	<path>/metinek/1691749248.9792054_gray.jpg</path>
	<source>
		<database>Unspecified</database>
	</source>
	<size>
		<width>716</width>
		<height>539</height>
		<depth>3</depth>
	</size>
	<object>
		<name>Metin</name>
		<pose>Unspecified</pose>
		<truncated>0</truncated>
		<difficult>0</difficult>
		<bndbox>
			<xmin>393</xmin>
			<ymin>180</ymin>
			<xmax>429</xmax>
			<ymax>229</ymax>
		</bndbox>
	</object>
	<object>
		<name>Character</name>
		<pose>Unspecified</pose>
		<truncated>0</truncated>
		<difficult>0</difficult>
		<bndbox>
			<xmin>380</xmin>
			<ymin>246</ymin>
			<xmax>410</xmax>
			<ymax>292</ymax>
		</bndbox>
	</object>
	<object>
		<name>Character</name>
		<pose>Unspecified</pose>
		<truncated>0</truncated>
		<difficult>0</difficult>
		<bndbox>
			<xmin>322</xmin>
			<ymin>206</ymin>
			<xmax>380</xmax>
			<ymax>285</ymax>
		</bndbox>
	</object>
</annotation>