<annotation>
	<folder>metinek</folder>
	<filename>1691749251.123072_gray.jpg</filename>
	<path>/metinek/1691749251.123072_gray.jpg</path>
	<source>
		<database>Unspecified</database>
	</source>
	<size>
		<width>716</width>
		<height>539</height>
		<depth>3</depth>
	</size>
	<object>
		<name>Metin</name>
		<pose>Unspecified</pose>
		<truncated>0</truncated>
		<difficult>0</difficult>
		<bndbox>
			<xmin>295</xmin>
			<ymin>292</ymin>
			<xmax>364</xmax>
			<ymax>358</ymax>
		</bndbox>
	</object>
	<object>
		<name>Character</name>
		<pose>Unspecified</pose>
		<truncated>0</truncated>
		<difficult>0</difficult>
		<bndbox>
			<xmin>325</xmin>
			<ymin>206</ymin>
			<xmax>407</xmax>
			<ymax>286</ymax>
		</bndbox>
	</object>
	<object>
		<name>Character</name>
		<pose>Unspecified</pose>
		<truncated>0</truncated>
		<difficult>0</difficult>
		<bndbox>
			<xmin>286</xmin>
			<ymin>216</ymin>
			<xmax>322</xmax>
			<ymax>269</ymax>
		</bndbox>
	</object>
</annotation>