<annotation>
	<folder>metinek</folder>
	<filename>1691749272.4647145_gray.jpg</filename>
	<path>/metinek/1691749272.4647145_gray.jpg</path>
	<source>
		<database>Unspecified</database>
	</source>
	<size>
		<width>716</width>
		<height>539</height>
		<depth>3</depth>
	</size>
	<object>
		<name>Character</name>
		<pose>Unspecified</pose>
		<truncated>0</truncated>
		<difficult>0</difficult>
		<bndbox>
			<xmin>309</xmin>
			<ymin>201</ymin>
			<xmax>422</xmax>
			<ymax>281</ymax>
		</bndbox>
	</object>
	<object>
		<name>Character</name>
		<pose>Unspecified</pose>
		<truncated>0</truncated>
		<difficult>0</difficult>
		<bndbox>
			<xmin>291</xmin>
			<ymin>263</ymin>
			<xmax>340</xmax>
			<ymax>312</ymax>
		</bndbox>
	</object>
</annotation>