<annotation>
	<folder>metinek</folder>
	<filename>1691749248.948588_gray.jpg</filename>
	<path>/metinek/1691749248.948588_gray.jpg</path>
	<source>
		<database>Unspecified</database>
	</source>
	<size>
		<width>716</width>
		<height>539</height>
		<depth>3</depth>
	</size>
	<object>
		<name>Metin</name>
		<pose>Unspecified</pose>
		<truncated>0</truncated>
		<difficult>0</difficult>
		<bndbox>
			<xmin>398</xmin>
			<ymin>183</ymin>
			<xmax>437</xmax>
			<ymax>231</ymax>
		</bndbox>
	</object>
	<object>
		<name>Character</name>
		<pose>Unspecified</pose>
		<truncated>0</truncated>
		<difficult>0</difficult>
		<bndbox>
			<xmin>378</xmin>
			<ymin>247</ymin>
			<xmax>409</xmax>
			<ymax>292</ymax>
		</bndbox>
	</object>
	<object>
		<name>Character</name>
		<pose>Unspecified</pose>
		<truncated>0</truncated>
		<difficult>0</difficult>
		<bndbox>
			<xmin>322</xmin>
			<ymin>205</ymin>
			<xmax>382</xmax>
			<ymax>284</ymax>
		</bndbox>
	</object>
</annotation>