<annotation>
	<folder>metinek</folder>
	<filename>1691749272.6073909_gray.jpg</filename>
	<path>/metinek/1691749272.6073909_gray.jpg</path>
	<source>
		<database>Unspecified</database>
	</source>
	<size>
		<width>716</width>
		<height>539</height>
		<depth>3</depth>
	</size>
	<object>
		<name>Character</name>
		<pose>Unspecified</pose>
		<truncated>0</truncated>
		<difficult>0</difficult>
		<bndbox>
			<xmin>317</xmin>
			<ymin>210</ymin>
			<xmax>411</xmax>
			<ymax>276</ymax>
		</bndbox>
	</object>
	<object>
		<name>Character</name>
		<pose>Unspecified</pose>
		<truncated>0</truncated>
		<difficult>0</difficult>
		<bndbox>
			<xmin>306</xmin>
			<ymin>269</ymin>
			<xmax>360</xmax>
			<ymax>312</ymax>
		</bndbox>
	</object>
</annotation>