<annotation>
	<folder>metinek</folder>
	<filename>1691749248.620004_gray.jpg</filename>
	<path>/metinek/1691749248.620004_gray.jpg</path>
	<source>
		<database>Unspecified</database>
	</source>
	<size>
		<width>716</width>
		<height>539</height>
		<depth>3</depth>
	</size>
	<object>
		<name>Metin</name>
		<pose>Unspecified</pose>
		<truncated>0</truncated>
		<difficult>0</difficult>
		<bndbox>
			<xmin>452</xmin>
			<ymin>198</ymin>
			<xmax>503</xmax>
			<ymax>245</ymax>
		</bndbox>
	</object>
	<object>
		<name>Character</name>
		<pose>Unspecified</pose>
		<truncated>0</truncated>
		<difficult>0</difficult>
		<bndbox>
			<xmin>356</xmin>
			<ymin>251</ymin>
			<xmax>390</xmax>
			<ymax>303</ymax>
		</bndbox>
	</object>
	<object>
		<name>Character</name>
		<pose>Unspecified</pose>
		<truncated>0</truncated>
		<difficult>0</difficult>
		<bndbox>
			<xmin>321</xmin>
			<ymin>210</ymin>
			<xmax>388</xmax>
			<ymax>294</ymax>
		</bndbox>
	</object>
</annotation>