<annotation>
	<folder>metinek</folder>
	<filename>1691749250.8273273_gray.jpg</filename>
	<path>/metinek/1691749250.8273273_gray.jpg</path>
	<source>
		<database>Unspecified</database>
	</source>
	<size>
		<width>716</width>
		<height>539</height>
		<depth>3</depth>
	</size>
	<object>
		<name>Metin</name>
		<pose>Unspecified</pose>
		<truncated>0</truncated>
		<difficult>0</difficult>
		<bndbox>
			<xmin>212</xmin>
			<ymin>270</ymin>
			<xmax>274</xmax>
			<ymax>338</ymax>
		</bndbox>
	</object>
	<object>
		<name>Character</name>
		<pose>Unspecified</pose>
		<truncated>0</truncated>
		<difficult>0</difficult>
		<bndbox>
			<xmin>326</xmin>
			<ymin>205</ymin>
			<xmax>383</xmax>
			<ymax>298</ymax>
		</bndbox>
	</object>
	<object>
		<name>Character</name>
		<pose>Unspecified</pose>
		<truncated>0</truncated>
		<difficult>0</difficult>
		<bndbox>
			<xmin>304</xmin>
			<ymin>210</ymin>
			<xmax>332</xmax>
			<ymax>263</ymax>
		</bndbox>
	</object>
</annotation>