<annotation>
	<folder>metinek</folder>
	<filename>1691749250.5922387_gray.jpg</filename>
	<path>/metinek/1691749250.5922387_gray.jpg</path>
	<source>
		<database>Unspecified</database>
	</source>
	<size>
		<width>716</width>
		<height>539</height>
		<depth>3</depth>
	</size>
	<object>
		<name>Metin</name>
		<pose>Unspecified</pose>
		<truncated>0</truncated>
		<difficult>0</difficult>
		<bndbox>
			<xmin>168</xmin>
			<ymin>254</ymin>
			<xmax>225</xmax>
			<ymax>323</ymax>
		</bndbox>
	</object>
	<object>
		<name>Character</name>
		<pose>Unspecified</pose>
		<truncated>0</truncated>
		<difficult>0</difficult>
		<bndbox>
			<xmin>299</xmin>
			<ymin>207</ymin>
			<xmax>380</xmax>
			<ymax>299</ymax>
		</bndbox>
	</object>
</annotation>