<annotation>
	<folder>metinek</folder>
	<filename>1691749246.8400512_gray.jpg</filename>
	<path>/metinek/1691749246.8400512_gray.jpg</path>
	<source>
		<database>Unspecified</database>
	</source>
	<size>
		<width>716</width>
		<height>539</height>
		<depth>3</depth>
	</size>
	<object>
		<name>Metin</name>
		<pose>Unspecified</pose>
		<truncated>0</truncated>
		<difficult>0</difficult>
		<bndbox>
			<xmin>203</xmin>
			<ymin>271</ymin>
			<xmax>268</xmax>
			<ymax>336</ymax>
		</bndbox>
	</object>
	<object>
		<name>Character</name>
		<pose>Unspecified</pose>
		<truncated>0</truncated>
		<difficult>0</difficult>
		<bndbox>
			<xmin>303</xmin>
			<ymin>206</ymin>
			<xmax>383</xmax>
			<ymax>289</ymax>
		</bndbox>
	</object>
</annotation>