<annotation>
	<folder>metinek</folder>
	<filename>1691749250.8608856_gray.jpg</filename>
	<path>/metinek/1691749250.8608856_gray.jpg</path>
	<source>
		<database>Unspecified</database>
	</source>
	<size>
		<width>716</width>
		<height>539</height>
		<depth>3</depth>
	</size>
	<object>
		<name>Metin</name>
		<pose>Unspecified</pose>
		<truncated>0</truncated>
		<difficult>0</difficult>
		<bndbox>
			<xmin>223</xmin>
			<ymin>278</ymin>
			<xmax>279</xmax>
			<ymax>345</ymax>
		</bndbox>
	</object>
	<object>
		<name>Character</name>
		<pose>Unspecified</pose>
		<truncated>0</truncated>
		<difficult>0</difficult>
		<bndbox>
			<xmin>327</xmin>
			<ymin>208</ymin>
			<xmax>387</xmax>
			<ymax>296</ymax>
		</bndbox>
	</object>
	<object>
		<name>Character</name>
		<pose>Unspecified</pose>
		<truncated>0</truncated>
		<difficult>0</difficult>
		<bndbox>
			<xmin>301</xmin>
			<ymin>212</ymin>
			<xmax>334</xmax>
			<ymax>267</ymax>
		</bndbox>
	</object>
</annotation>