<annotation>
	<folder>metinek</folder>
	<filename>1691749248.5091743_gray.jpg</filename>
	<path>/metinek/1691749248.5091743_gray.jpg</path>
	<source>
		<database>Unspecified</database>
	</source>
	<size>
		<width>716</width>
		<height>539</height>
		<depth>3</depth>
	</size>
	<object>
		<name>Metin</name>
		<pose>Unspecified</pose>
		<truncated>0</truncated>
		<difficult>0</difficult>
		<bndbox>
			<xmin>472</xmin>
			<ymin>208</ymin>
			<xmax>518</xmax>
			<ymax>255</ymax>
		</bndbox>
	</object>
	<object>
		<name>Character</name>
		<pose>Unspecified</pose>
		<truncated>0</truncated>
		<difficult>0</difficult>
		<bndbox>
			<xmin>336</xmin>
			<ymin>255</ymin>
			<xmax>376</xmax>
			<ymax>300</ymax>
		</bndbox>
	</object>
	<object>
		<name>Character</name>
		<pose>Unspecified</pose>
		<truncated>0</truncated>
		<difficult>0</difficult>
		<bndbox>
			<xmin>322</xmin>
			<ymin>211</ymin>
			<xmax>400</xmax>
			<ymax>297</ymax>
		</bndbox>
	</object>
</annotation>