<annotation>
	<folder>metinek</folder>
	<filename>1691749296.735371_gray.jpg</filename>
	<path>/metinek/1691749296.735371_gray.jpg</path>
	<source>
		<database>Unspecified</database>
	</source>
	<size>
		<width>716</width>
		<height>539</height>
		<depth>3</depth>
	</size>
	<object>
		<name>Metin</name>
		<pose>Unspecified</pose>
		<truncated>0</truncated>
		<difficult>0</difficult>
		<bndbox>
			<xmin>332</xmin>
			<ymin>117</ymin>
			<xmax>368</xmax>
			<ymax>161</ymax>
		</bndbox>
	</object>
	<object>
		<name>Character</name>
		<pose>Unspecified</pose>
		<truncated>0</truncated>
		<difficult>0</difficult>
		<bndbox>
			<xmin>323</xmin>
			<ymin>208</ymin>
			<xmax>409</xmax>
			<ymax>294</ymax>
		</bndbox>
	</object>
</annotation>