<annotation>
	<folder>metinek</folder>
	<filename>1691749248.8210444_gray.jpg</filename>
	<path>/metinek/1691749248.8210444_gray.jpg</path>
	<source>
		<database>Unspecified</database>
	</source>
	<size>
		<width>716</width>
		<height>539</height>
		<depth>3</depth>
	</size>
	<object>
		<name>Metin</name>
		<pose>Unspecified</pose>
		<truncated>0</truncated>
		<difficult>0</difficult>
		<bndbox>
			<xmin>420</xmin>
			<ymin>187</ymin>
			<xmax>464</xmax>
			<ymax>234</ymax>
		</bndbox>
	</object>
	<object>
		<name>Character</name>
		<pose>Unspecified</pose>
		<truncated>0</truncated>
		<difficult>0</difficult>
		<bndbox>
			<xmin>320</xmin>
			<ymin>205</ymin>
			<xmax>373</xmax>
			<ymax>282</ymax>
		</bndbox>
	</object>
	<object>
		<name>Character</name>
		<pose>Unspecified</pose>
		<truncated>0</truncated>
		<difficult>0</difficult>
		<bndbox>
			<xmin>368</xmin>
			<ymin>246</ymin>
			<xmax>404</xmax>
			<ymax>300</ymax>
		</bndbox>
	</object>
</annotation>