<annotation>
	<folder>metinek</folder>
	<filename>1691749247.9313705_gray.jpg</filename>
	<path>/metinek/1691749247.9313705_gray.jpg</path>
	<source>
		<database>Unspecified</database>
	</source>
	<size>
		<width>716</width>
		<height>539</height>
		<depth>3</depth>
	</size>
	<object>
		<name>Metin</name>
		<pose>Unspecified</pose>
		<truncated>0</truncated>
		<difficult>0</difficult>
		<bndbox>
			<xmin>486</xmin>
			<ymin>255</ymin>
			<xmax>532</xmax>
			<ymax>305</ymax>
		</bndbox>
	</object>
	<object>
		<name>Character</name>
		<pose>Unspecified</pose>
		<truncated>0</truncated>
		<difficult>0</difficult>
		<bndbox>
			<xmin>290</xmin>
			<ymin>243</ymin>
			<xmax>321</xmax>
			<ymax>294</ymax>
		</bndbox>
	</object>
	<object>
		<name>Character</name>
		<pose>Unspecified</pose>
		<truncated>0</truncated>
		<difficult>0</difficult>
		<bndbox>
			<xmin>320</xmin>
			<ymin>210</ymin>
			<xmax>417</xmax>
			<ymax>286</ymax>
		</bndbox>
	</object>
</annotation>