<annotation>
	<folder>metinek</folder>
	<filename>1691749251.3886566_gray.jpg</filename>
	<path>/metinek/1691749251.3886566_gray.jpg</path>
	<source>
		<database>Unspecified</database>
	</source>
	<size>
		<width>716</width>
		<height>539</height>
		<depth>3</depth>
	</size>
	<object>
		<name>Metin</name>
		<pose>Unspecified</pose>
		<truncated>0</truncated>
		<difficult>0</difficult>
		<bndbox>
			<xmin>376</xmin>
			<ymin>291</ymin>
			<xmax>444</xmax>
			<ymax>354</ymax>
		</bndbox>
	</object>
	<object>
		<name>Character</name>
		<pose>Unspecified</pose>
		<truncated>0</truncated>
		<difficult>0</difficult>
		<bndbox>
			<xmin>321</xmin>
			<ymin>207</ymin>
			<xmax>411</xmax>
			<ymax>280</ymax>
		</bndbox>
	</object>
	<object>
		<name>Character</name>
		<pose>Unspecified</pose>
		<truncated>0</truncated>
		<difficult>0</difficult>
		<bndbox>
			<xmin>270</xmin>
			<ymin>220</ymin>
			<xmax>308</xmax>
			<ymax>274</ymax>
		</bndbox>
	</object>
</annotation>