<annotation>
	<folder>metinek</folder>
	<filename>1691749262.3530653_gray.jpg</filename>
	<path>/metinek/1691749262.3530653_gray.jpg</path>
	<source>
		<database>Unspecified</database>
	</source>
	<size>
		<width>716</width>
		<height>539</height>
		<depth>3</depth>
	</size>
	<object>
		<name>Character</name>
		<pose>Unspecified</pose>
		<truncated>0</truncated>
		<difficult>0</difficult>
		<bndbox>
			<xmin>286</xmin>
			<ymin>166</ymin>
			<xmax>410</xmax>
			<ymax>313</ymax>
		</bndbox>
	</object>
</annotation>