<annotation>
	<folder>metinek</folder>
	<filename>1691749251.5440412_gray.jpg</filename>
	<path>/metinek/1691749251.5440412_gray.jpg</path>
	<source>
		<database>Unspecified</database>
	</source>
	<size>
		<width>716</width>
		<height>539</height>
		<depth>3</depth>
	</size>
	<object>
		<name>Metin</name>
		<pose>Unspecified</pose>
		<truncated>0</truncated>
		<difficult>0</difficult>
		<bndbox>
			<xmin>424</xmin>
			<ymin>280</ymin>
			<xmax>476</xmax>
			<ymax>339</ymax>
		</bndbox>
	</object>
	<object>
		<name>Character</name>
		<pose>Unspecified</pose>
		<truncated>0</truncated>
		<difficult>0</difficult>
		<bndbox>
			<xmin>324</xmin>
			<ymin>195</ymin>
			<xmax>417</xmax>
			<ymax>278</ymax>
		</bndbox>
	</object>
	<object>
		<name>Character</name>
		<pose>Unspecified</pose>
		<truncated>0</truncated>
		<difficult>0</difficult>
		<bndbox>
			<xmin>265</xmin>
			<ymin>226</ymin>
			<xmax>312</xmax>
			<ymax>283</ymax>
		</bndbox>
	</object>
</annotation>