<annotation>
	<folder>metinek</folder>
	<filename>1691749250.9371285_gray.jpg</filename>
	<path>/metinek/1691749250.9371285_gray.jpg</path>
	<source>
		<database>Unspecified</database>
	</source>
	<size>
		<width>716</width>
		<height>539</height>
		<depth>3</depth>
	</size>
	<object>
		<name>Metin</name>
		<pose>Unspecified</pose>
		<truncated>0</truncated>
		<difficult>0</difficult>
		<bndbox>
			<xmin>249</xmin>
			<ymin>282</ymin>
			<xmax>312</xmax>
			<ymax>352</ymax>
		</bndbox>
	</object>
	<object>
		<name>Character</name>
		<pose>Unspecified</pose>
		<truncated>0</truncated>
		<difficult>0</difficult>
		<bndbox>
			<xmin>324</xmin>
			<ymin>207</ymin>
			<xmax>390</xmax>
			<ymax>295</ymax>
		</bndbox>
	</object>
	<object>
		<name>Character</name>
		<pose>Unspecified</pose>
		<truncated>0</truncated>
		<difficult>0</difficult>
		<bndbox>
			<xmin>293</xmin>
			<ymin>214</ymin>
			<xmax>328</xmax>
			<ymax>265</ymax>
		</bndbox>
	</object>
</annotation>