<annotation>
	<folder>metinek</folder>
	<filename>1691749317.0481257_gray.jpg</filename>
	<path>/metinek/1691749317.0481257_gray.jpg</path>
	<source>
		<database>Unspecified</database>
	</source>
	<size>
		<width>716</width>
		<height>539</height>
		<depth>3</depth>
	</size>
	<object>
		<name>Metin</name>
		<pose>Unspecified</pose>
		<truncated>0</truncated>
		<difficult>0</difficult>
		<bndbox>
			<xmin>241</xmin>
			<ymin>150</ymin>
			<xmax>305</xmax>
			<ymax>249</ymax>
		</bndbox>
	</object>
</annotation>