<annotation>
	<folder>metinek</folder>
	<filename>1691749273.2179961_gray.jpg</filename>
	<path>/metinek/1691749273.2179961_gray.jpg</path>
	<source>
		<database>Unspecified</database>
	</source>
	<size>
		<width>716</width>
		<height>539</height>
		<depth>3</depth>
	</size>
	<object>
		<name>Character</name>
		<pose>Unspecified</pose>
		<truncated>0</truncated>
		<difficult>0</difficult>
		<bndbox>
			<xmin>375</xmin>
			<ymin>265</ymin>
			<xmax>413</xmax>
			<ymax>311</ymax>
		</bndbox>
	</object>
	<object>
		<name>Character</name>
		<pose>Unspecified</pose>
		<truncated>0</truncated>
		<difficult>0</difficult>
		<bndbox>
			<xmin>307</xmin>
			<ymin>203</ymin>
			<xmax>393</xmax>
			<ymax>277</ymax>
		</bndbox>
	</object>
</annotation>