<annotation>
	<folder>metinek</folder>
	<filename>1691749249.8094878_gray.jpg</filename>
	<path>/metinek/1691749249.8094878_gray.jpg</path>
	<source>
		<database>Unspecified</database>
	</source>
	<size>
		<width>716</width>
		<height>539</height>
		<depth>3</depth>
	</size>
	<object>
		<name>Metin</name>
		<pose>Unspecified</pose>
		<truncated>0</truncated>
		<difficult>0</difficult>
		<bndbox>
			<xmin>207</xmin>
			<ymin>191</ymin>
			<xmax>254</xmax>
			<ymax>247</ymax>
		</bndbox>
	</object>
	<object>
		<name>Character</name>
		<pose>Unspecified</pose>
		<truncated>0</truncated>
		<difficult>0</difficult>
		<bndbox>
			<xmin>287</xmin>
			<ymin>207</ymin>
			<xmax>382</xmax>
			<ymax>288</ymax>
		</bndbox>
	</object>
	<object>
		<name>Character</name>
		<pose>Unspecified</pose>
		<truncated>0</truncated>
		<difficult>0</difficult>
		<bndbox>
			<xmin>388</xmin>
			<ymin>218</ymin>
			<xmax>417</xmax>
			<ymax>264</ymax>
		</bndbox>
	</object>
</annotation>