<annotation>
	<folder>metinek</folder>
	<filename>1691749243.0809274_gray.jpg</filename>
	<path>/metinek/1691749243.0809274_gray.jpg</path>
	<source>
		<database>Unspecified</database>
	</source>
	<size>
		<width>716</width>
		<height>539</height>
		<depth>3</depth>
	</size>
	<object>
		<name>Metin</name>
		<pose>Unspecified</pose>
		<truncated>0</truncated>
		<difficult>0</difficult>
		<bndbox>
			<xmin>264</xmin>
			<ymin>288</ymin>
			<xmax>320</xmax>
			<ymax>352</ymax>
		</bndbox>
	</object>
	<object>
		<name>Character</name>
		<pose>Unspecified</pose>
		<truncated>0</truncated>
		<difficult>0</difficult>
		<bndbox>
			<xmin>325</xmin>
			<ymin>210</ymin>
			<xmax>388</xmax>
			<ymax>288</ymax>
		</bndbox>
	</object>
	<object>
		<name>Character</name>
		<pose>Unspecified</pose>
		<truncated>0</truncated>
		<difficult>0</difficult>
		<bndbox>
			<xmin>292</xmin>
			<ymin>214</ymin>
			<xmax>321</xmax>
			<ymax>271</ymax>
		</bndbox>
	</object>
</annotation>