<annotation>
	<folder>metinek</folder>
	<filename>1691749329.907621_gray.jpg</filename>
	<path>/metinek/1691749329.907621_gray.jpg</path>
	<source>
		<database>Unspecified</database>
	</source>
	<size>
		<width>716</width>
		<height>539</height>
		<depth>3</depth>
	</size>
	<object>
		<name>Metin</name>
		<pose>Unspecified</pose>
		<truncated>0</truncated>
		<difficult>0</difficult>
		<bndbox>
			<xmin>22</xmin>
			<ymin>115</ymin>
			<xmax>62</xmax>
			<ymax>165</ymax>
		</bndbox>
	</object>
	<object>
		<name>Character</name>
		<pose>Unspecified</pose>
		<truncated>0</truncated>
		<difficult>0</difficult>
		<bndbox>
			<xmin>357</xmin>
			<ymin>259</ymin>
			<xmax>394</xmax>
			<ymax>317</ymax>
		</bndbox>
	</object>
	<object>
		<name>Character</name>
		<pose>Unspecified</pose>
		<truncated>0</truncated>
		<difficult>0</difficult>
		<bndbox>
			<xmin>315</xmin>
			<ymin>201</ymin>
			<xmax>384</xmax>
			<ymax>287</ymax>
		</bndbox>
	</object>
</annotation>