<annotation>
	<folder>metinek</folder>
	<filename>1691749244.3415987_gray.jpg</filename>
	<path>/metinek/1691749244.3415987_gray.jpg</path>
	<source>
		<database>Unspecified</database>
	</source>
	<size>
		<width>716</width>
		<height>539</height>
		<depth>3</depth>
	</size>
	<object>
		<name>Metin</name>
		<pose>Unspecified</pose>
		<truncated>0</truncated>
		<difficult>0</difficult>
		<bndbox>
			<xmin>497</xmin>
			<ymin>223</ymin>
			<xmax>543</xmax>
			<ymax>274</ymax>
		</bndbox>
	</object>
	<object>
		<name>Character</name>
		<pose>Unspecified</pose>
		<truncated>0</truncated>
		<difficult>0</difficult>
		<bndbox>
			<xmin>319</xmin>
			<ymin>207</ymin>
			<xmax>411</xmax>
			<ymax>304</ymax>
		</bndbox>
	</object>
	<object>
		<name>Character</name>
		<pose>Unspecified</pose>
		<truncated>0</truncated>
		<difficult>0</difficult>
		<bndbox>
			<xmin>325</xmin>
			<ymin>251</ymin>
			<xmax>352</xmax>
			<ymax>298</ymax>
		</bndbox>
	</object>
</annotation>