<annotation>
	<folder>metinek</folder>
	<filename>1691749272.6857185_gray.jpg</filename>
	<path>/metinek/1691749272.6857185_gray.jpg</path>
	<source>
		<database>Unspecified</database>
	</source>
	<size>
		<width>716</width>
		<height>539</height>
		<depth>3</depth>
	</size>
	<object>
		<name>Character</name>
		<pose>Unspecified</pose>
		<truncated>0</truncated>
		<difficult>0</difficult>
		<bndbox>
			<xmin>326</xmin>
			<ymin>266</ymin>
			<xmax>366</xmax>
			<ymax>321</ymax>
		</bndbox>
	</object>
	<object>
		<name>Character</name>
		<pose>Unspecified</pose>
		<truncated>0</truncated>
		<difficult>0</difficult>
		<bndbox>
			<xmin>319</xmin>
			<ymin>214</ymin>
			<xmax>422</xmax>
			<ymax>276</ymax>
		</bndbox>
	</object>
</annotation>