<annotation>
	<folder>metinek</folder>
	<filename>1691749248.774914_gray.jpg</filename>
	<path>/metinek/1691749248.774914_gray.jpg</path>
	<source>
		<database>Unspecified</database>
	</source>
	<size>
		<width>716</width>
		<height>539</height>
		<depth>3</depth>
	</size>
	<object>
		<name>Metin</name>
		<pose>Unspecified</pose>
		<truncated>0</truncated>
		<difficult>0</difficult>
		<bndbox>
			<xmin>434</xmin>
			<ymin>189</ymin>
			<xmax>474</xmax>
			<ymax>237</ymax>
		</bndbox>
	</object>
	<object>
		<name>Character</name>
		<pose>Unspecified</pose>
		<truncated>0</truncated>
		<difficult>0</difficult>
		<bndbox>
			<xmin>363</xmin>
			<ymin>250</ymin>
			<xmax>404</xmax>
			<ymax>303</ymax>
		</bndbox>
	</object>
	<object>
		<name>Character</name>
		<pose>Unspecified</pose>
		<truncated>0</truncated>
		<difficult>0</difficult>
		<bndbox>
			<xmin>321</xmin>
			<ymin>207</ymin>
			<xmax>389</xmax>
			<ymax>284</ymax>
		</bndbox>
	</object>
</annotation>