<annotation>
	<folder>metinek</folder>
	<filename>1691749247.010091_gray.jpg</filename>
	<path>/metinek/1691749247.010091_gray.jpg</path>
	<source>
		<database>Unspecified</database>
	</source>
	<size>
		<width>716</width>
		<height>539</height>
		<depth>3</depth>
	</size>
	<object>
		<name>Metin</name>
		<pose>Unspecified</pose>
		<truncated>0</truncated>
		<difficult>0</difficult>
		<bndbox>
			<xmin>239</xmin>
			<ymin>282</ymin>
			<xmax>306</xmax>
			<ymax>348</ymax>
		</bndbox>
	</object>
	<object>
		<name>Character</name>
		<pose>Unspecified</pose>
		<truncated>0</truncated>
		<difficult>0</difficult>
		<bndbox>
			<xmin>292</xmin>
			<ymin>208</ymin>
			<xmax>320</xmax>
			<ymax>265</ymax>
		</bndbox>
	</object>
	<object>
		<name>Character</name>
		<pose>Unspecified</pose>
		<truncated>0</truncated>
		<difficult>0</difficult>
		<bndbox>
			<xmin>321</xmin>
			<ymin>210</ymin>
			<xmax>391</xmax>
			<ymax>290</ymax>
		</bndbox>
	</object>
</annotation>