<annotation>
	<folder>metinek</folder>
	<filename>1691749273.25027_gray.jpg</filename>
	<path>/metinek/1691749273.25027_gray.jpg</path>
	<source>
		<database>Unspecified</database>
	</source>
	<size>
		<width>716</width>
		<height>539</height>
		<depth>3</depth>
	</size>
	<object>
		<name>Character</name>
		<pose>Unspecified</pose>
		<truncated>0</truncated>
		<difficult>0</difficult>
		<bndbox>
			<xmin>370</xmin>
			<ymin>265</ymin>
			<xmax>408</xmax>
			<ymax>306</ymax>
		</bndbox>
	</object>
	<object>
		<name>Character</name>
		<pose>Unspecified</pose>
		<truncated>0</truncated>
		<difficult>0</difficult>
		<bndbox>
			<xmin>326</xmin>
			<ymin>209</ymin>
			<xmax>403</xmax>
			<ymax>286</ymax>
		</bndbox>
	</object>
</annotation>