<annotation>
	<folder>metinek</folder>
	<filename>1691749238.525933_gray.jpg</filename>
	<path>/metinek/1691749238.525933_gray.jpg</path>
	<source>
		<database>Unspecified</database>
	</source>
	<size>
		<width>716</width>
		<height>539</height>
		<depth>3</depth>
	</size>
	<object>
		<name>Metin</name>
		<pose>Unspecified</pose>
		<truncated>0</truncated>
		<difficult>0</difficult>
		<bndbox>
			<xmin>515</xmin>
			<ymin>199</ymin>
			<xmax>581</xmax>
			<ymax>246</ymax>
		</bndbox>
	</object>
	<object>
		<name>Character</name>
		<pose>Unspecified</pose>
		<truncated>0</truncated>
		<difficult>0</difficult>
		<bndbox>
			<xmin>299</xmin>
			<ymin>200</ymin>
			<xmax>399</xmax>
			<ymax>288</ymax>
		</bndbox>
	</object>
</annotation>