<annotation>
	<folder>metinek</folder>
	<filename>1691749250.1065607_gray.jpg</filename>
	<path>/metinek/1691749250.1065607_gray.jpg</path>
	<source>
		<database>Unspecified</database>
	</source>
	<size>
		<width>716</width>
		<height>539</height>
		<depth>3</depth>
	</size>
	<object>
		<name>Metin</name>
		<pose>Unspecified</pose>
		<truncated>0</truncated>
		<difficult>0</difficult>
		<bndbox>
			<xmin>161</xmin>
			<ymin>218</ymin>
			<xmax>217</xmax>
			<ymax>275</ymax>
		</bndbox>
	</object>
	<object>
		<name>Character</name>
		<pose>Unspecified</pose>
		<truncated>0</truncated>
		<difficult>0</difficult>
		<bndbox>
			<xmin>293</xmin>
			<ymin>204</ymin>
			<xmax>378</xmax>
			<ymax>288</ymax>
		</bndbox>
	</object>
	<object>
		<name>Character</name>
		<pose>Unspecified</pose>
		<truncated>0</truncated>
		<difficult>0</difficult>
		<bndbox>
			<xmin>363</xmin>
			<ymin>214</ymin>
			<xmax>400</xmax>
			<ymax>266</ymax>
		</bndbox>
	</object>
</annotation>