<annotation>
	<folder>metinek</folder>
	<filename>1691749250.7333906_gray.jpg</filename>
	<path>/metinek/1691749250.7333906_gray.jpg</path>
	<source>
		<database>Unspecified</database>
	</source>
	<size>
		<width>716</width>
		<height>539</height>
		<depth>3</depth>
	</size>
	<object>
		<name>Metin</name>
		<pose>Unspecified</pose>
		<truncated>0</truncated>
		<difficult>0</difficult>
		<bndbox>
			<xmin>193</xmin>
			<ymin>259</ymin>
			<xmax>262</xmax>
			<ymax>338</ymax>
		</bndbox>
	</object>
	<object>
		<name>Character</name>
		<pose>Unspecified</pose>
		<truncated>0</truncated>
		<difficult>0</difficult>
		<bndbox>
			<xmin>317</xmin>
			<ymin>208</ymin>
			<xmax>384</xmax>
			<ymax>298</ymax>
		</bndbox>
	</object>
	<object>
		<name>Character</name>
		<pose>Unspecified</pose>
		<truncated>0</truncated>
		<difficult>0</difficult>
		<bndbox>
			<xmin>307</xmin>
			<ymin>211</ymin>
			<xmax>339</xmax>
			<ymax>253</ymax>
		</bndbox>
	</object>
</annotation>