<annotation>
	<folder>metinek</folder>
	<filename>1691749249.337601_gray.jpg</filename>
	<path>/metinek/1691749249.337601_gray.jpg</path>
	<source>
		<database>Unspecified</database>
	</source>
	<size>
		<width>716</width>
		<height>539</height>
		<depth>3</depth>
	</size>
	<object>
		<name>Metin</name>
		<pose>Unspecified</pose>
		<truncated>0</truncated>
		<difficult>0</difficult>
		<bndbox>
			<xmin>301</xmin>
			<ymin>177</ymin>
			<xmax>343</xmax>
			<ymax>225</ymax>
		</bndbox>
	</object>
	<object>
		<name>Character</name>
		<pose>Unspecified</pose>
		<truncated>0</truncated>
		<difficult>0</difficult>
		<bndbox>
			<xmin>400</xmin>
			<ymin>232</ymin>
			<xmax>425</xmax>
			<ymax>280</ymax>
		</bndbox>
	</object>
	<object>
		<name>Character</name>
		<pose>Unspecified</pose>
		<truncated>0</truncated>
		<difficult>0</difficult>
		<bndbox>
			<xmin>295</xmin>
			<ymin>208</ymin>
			<xmax>384</xmax>
			<ymax>280</ymax>
		</bndbox>
	</object>
</annotation>