<annotation>
	<folder>metinek</folder>
	<filename>1691749273.1554253_gray.jpg</filename>
	<path>/metinek/1691749273.1554253_gray.jpg</path>
	<source>
		<database>Unspecified</database>
	</source>
	<size>
		<width>716</width>
		<height>539</height>
		<depth>3</depth>
	</size>
	<object>
		<name>Character</name>
		<pose>Unspecified</pose>
		<truncated>0</truncated>
		<difficult>0</difficult>
		<bndbox>
			<xmin>365</xmin>
			<ymin>262</ymin>
			<xmax>402</xmax>
			<ymax>313</ymax>
		</bndbox>
	</object>
	<object>
		<name>Character</name>
		<pose>Unspecified</pose>
		<truncated>0</truncated>
		<difficult>0</difficult>
		<bndbox>
			<xmin>310</xmin>
			<ymin>200</ymin>
			<xmax>397</xmax>
			<ymax>288</ymax>
		</bndbox>
	</object>
</annotation>