<annotation>
	<folder>metinek</folder>
	<filename>1691749249.8413553_gray.jpg</filename>
	<path>/metinek/1691749249.8413553_gray.jpg</path>
	<source>
		<database>Unspecified</database>
	</source>
	<size>
		<width>716</width>
		<height>539</height>
		<depth>3</depth>
	</size>
	<object>
		<name>Metin</name>
		<pose>Unspecified</pose>
		<truncated>0</truncated>
		<difficult>0</difficult>
		<bndbox>
			<xmin>203</xmin>
			<ymin>197</ymin>
			<xmax>244</xmax>
			<ymax>249</ymax>
		</bndbox>
	</object>
	<object>
		<name>Character</name>
		<pose>Unspecified</pose>
		<truncated>0</truncated>
		<difficult>0</difficult>
		<bndbox>
			<xmin>386</xmin>
			<ymin>220</ymin>
			<xmax>411</xmax>
			<ymax>267</ymax>
		</bndbox>
	</object>
	<object>
		<name>Character</name>
		<pose>Unspecified</pose>
		<truncated>0</truncated>
		<difficult>0</difficult>
		<bndbox>
			<xmin>282</xmin>
			<ymin>204</ymin>
			<xmax>381</xmax>
			<ymax>290</ymax>
		</bndbox>
	</object>
</annotation>