<annotation>
	<folder>metinek</folder>
	<filename>1691749273.2794712_gray.jpg</filename>
	<path>/metinek/1691749273.2794712_gray.jpg</path>
	<source>
		<database>Unspecified</database>
	</source>
	<size>
		<width>716</width>
		<height>539</height>
		<depth>3</depth>
	</size>
	<object>
		<name>Character</name>
		<pose>Unspecified</pose>
		<truncated>0</truncated>
		<difficult>0</difficult>
		<bndbox>
			<xmin>380</xmin>
			<ymin>264</ymin>
			<xmax>413</xmax>
			<ymax>307</ymax>
		</bndbox>
	</object>
	<object>
		<name>Character</name>
		<pose>Unspecified</pose>
		<truncated>0</truncated>
		<difficult>0</difficult>
		<bndbox>
			<xmin>320</xmin>
			<ymin>195</ymin>
			<xmax>384</xmax>
			<ymax>282</ymax>
		</bndbox>
	</object>
</annotation>