<annotation>
	<folder>metinek</folder>
	<filename>1691749248.7429204_gray.jpg</filename>
	<path>/metinek/1691749248.7429204_gray.jpg</path>
	<source>
		<database>Unspecified</database>
	</source>
	<size>
		<width>716</width>
		<height>539</height>
		<depth>3</depth>
	</size>
	<object>
		<name>Metin</name>
		<pose>Unspecified</pose>
		<truncated>0</truncated>
		<difficult>0</difficult>
		<bndbox>
			<xmin>437</xmin>
			<ymin>190</ymin>
			<xmax>476</xmax>
			<ymax>241</ymax>
		</bndbox>
	</object>
	<object>
		<name>Character</name>
		<pose>Unspecified</pose>
		<truncated>0</truncated>
		<difficult>0</difficult>
		<bndbox>
			<xmin>363</xmin>
			<ymin>251</ymin>
			<xmax>392</xmax>
			<ymax>300</ymax>
		</bndbox>
	</object>
	<object>
		<name>Character</name>
		<pose>Unspecified</pose>
		<truncated>0</truncated>
		<difficult>0</difficult>
		<bndbox>
			<xmin>319</xmin>
			<ymin>208</ymin>
			<xmax>384</xmax>
			<ymax>282</ymax>
		</bndbox>
	</object>
</annotation>