<annotation>
	<folder>metinek</folder>
	<filename>1691749251.0620275_gray.jpg</filename>
	<path>/metinek/1691749251.0620275_gray.jpg</path>
	<source>
		<database>Unspecified</database>
	</source>
	<size>
		<width>716</width>
		<height>539</height>
		<depth>3</depth>
	</size>
	<object>
		<name>Metin</name>
		<pose>Unspecified</pose>
		<truncated>0</truncated>
		<difficult>0</difficult>
		<bndbox>
			<xmin>281</xmin>
			<ymin>292</ymin>
			<xmax>339</xmax>
			<ymax>353</ymax>
		</bndbox>
	</object>
	<object>
		<name>Character</name>
		<pose>Unspecified</pose>
		<truncated>0</truncated>
		<difficult>0</difficult>
		<bndbox>
			<xmin>323</xmin>
			<ymin>205</ymin>
			<xmax>403</xmax>
			<ymax>301</ymax>
		</bndbox>
	</object>
	<object>
		<name>Character</name>
		<pose>Unspecified</pose>
		<truncated>0</truncated>
		<difficult>0</difficult>
		<bndbox>
			<xmin>285</xmin>
			<ymin>212</ymin>
			<xmax>324</xmax>
			<ymax>266</ymax>
		</bndbox>
	</object>
</annotation>