<annotation>
	<folder>metinek</folder>
	<filename>1691749248.4462452_gray.jpg</filename>
	<path>/metinek/1691749248.4462452_gray.jpg</path>
	<source>
		<database>Unspecified</database>
	</source>
	<size>
		<width>716</width>
		<height>539</height>
		<depth>3</depth>
	</size>
	<object>
		<name>Metin</name>
		<pose>Unspecified</pose>
		<truncated>0</truncated>
		<difficult>0</difficult>
		<bndbox>
			<xmin>480</xmin>
			<ymin>208</ymin>
			<xmax>524</xmax>
			<ymax>256</ymax>
		</bndbox>
	</object>
	<object>
		<name>Character</name>
		<pose>Unspecified</pose>
		<truncated>0</truncated>
		<difficult>0</difficult>
		<bndbox>
			<xmin>335</xmin>
			<ymin>256</ymin>
			<xmax>367</xmax>
			<ymax>295</ymax>
		</bndbox>
	</object>
	<object>
		<name>Character</name>
		<pose>Unspecified</pose>
		<truncated>0</truncated>
		<difficult>0</difficult>
		<bndbox>
			<xmin>319</xmin>
			<ymin>211</ymin>
			<xmax>404</xmax>
			<ymax>288</ymax>
		</bndbox>
	</object>
</annotation>