<annotation>
	<folder>metinek</folder>
	<filename>1691749272.6541631_gray.jpg</filename>
	<path>/metinek/1691749272.6541631_gray.jpg</path>
	<source>
		<database>Unspecified</database>
	</source>
	<size>
		<width>716</width>
		<height>539</height>
		<depth>3</depth>
	</size>
	<object>
		<name>Character</name>
		<pose>Unspecified</pose>
		<truncated>0</truncated>
		<difficult>0</difficult>
		<bndbox>
			<xmin>314</xmin>
			<ymin>199</ymin>
			<xmax>412</xmax>
			<ymax>274</ymax>
		</bndbox>
	</object>
	<object>
		<name>Character</name>
		<pose>Unspecified</pose>
		<truncated>0</truncated>
		<difficult>0</difficult>
		<bndbox>
			<xmin>314</xmin>
			<ymin>253</ymin>
			<xmax>359</xmax>
			<ymax>310</ymax>
		</bndbox>
	</object>
</annotation>