<annotation>
	<folder>metinek</folder>
	<filename>1691749248.680591_gray.jpg</filename>
	<path>/metinek/1691749248.680591_gray.jpg</path>
	<source>
		<database>Unspecified</database>
	</source>
	<size>
		<width>716</width>
		<height>539</height>
		<depth>3</depth>
	</size>
	<object>
		<name>Metin</name>
		<pose>Unspecified</pose>
		<truncated>0</truncated>
		<difficult>0</difficult>
		<bndbox>
			<xmin>449</xmin>
			<ymin>190</ymin>
			<xmax>491</xmax>
			<ymax>241</ymax>
		</bndbox>
	</object>
	<object>
		<name>Character</name>
		<pose>Unspecified</pose>
		<truncated>0</truncated>
		<difficult>0</difficult>
		<bndbox>
			<xmin>355</xmin>
			<ymin>250</ymin>
			<xmax>392</xmax>
			<ymax>298</ymax>
		</bndbox>
	</object>
	<object>
		<name>Character</name>
		<pose>Unspecified</pose>
		<truncated>0</truncated>
		<difficult>0</difficult>
		<bndbox>
			<xmin>320</xmin>
			<ymin>204</ymin>
			<xmax>388</xmax>
			<ymax>286</ymax>
		</bndbox>
	</object>
</annotation>