<annotation>
	<folder>metinek</folder>
	<filename>1691749250.32639_gray.jpg</filename>
	<path>/metinek/1691749250.32639_gray.jpg</path>
	<source>
		<database>Unspecified</database>
	</source>
	<size>
		<width>716</width>
		<height>539</height>
		<depth>3</depth>
	</size>
	<object>
		<name>Metin</name>
		<pose>Unspecified</pose>
		<truncated>0</truncated>
		<difficult>0</difficult>
		<bndbox>
			<xmin>158</xmin>
			<ymin>229</ymin>
			<xmax>206</xmax>
			<ymax>290</ymax>
		</bndbox>
	</object>
	<object>
		<name>Character</name>
		<pose>Unspecified</pose>
		<truncated>0</truncated>
		<difficult>0</difficult>
		<bndbox>
			<xmin>291</xmin>
			<ymin>206</ymin>
			<xmax>388</xmax>
			<ymax>306</ymax>
		</bndbox>
	</object>
</annotation>