<annotation>
	<folder>metinek</folder>
	<filename>1691749249.6029823_gray.jpg</filename>
	<path>/metinek/1691749249.6029823_gray.jpg</path>
	<source>
		<database>Unspecified</database>
	</source>
	<size>
		<width>716</width>
		<height>539</height>
		<depth>3</depth>
	</size>
	<object>
		<name>Metin</name>
		<pose>Unspecified</pose>
		<truncated>0</truncated>
		<difficult>0</difficult>
		<bndbox>
			<xmin>242</xmin>
			<ymin>185</ymin>
			<xmax>287</xmax>
			<ymax>236</ymax>
		</bndbox>
	</object>
	<object>
		<name>Character</name>
		<pose>Unspecified</pose>
		<truncated>0</truncated>
		<difficult>0</difficult>
		<bndbox>
			<xmin>396</xmin>
			<ymin>223</ymin>
			<xmax>427</xmax>
			<ymax>276</ymax>
		</bndbox>
	</object>
	<object>
		<name>Character</name>
		<pose>Unspecified</pose>
		<truncated>0</truncated>
		<difficult>0</difficult>
		<bndbox>
			<xmin>287</xmin>
			<ymin>206</ymin>
			<xmax>384</xmax>
			<ymax>284</ymax>
		</bndbox>
	</object>
</annotation>