<annotation>
	<folder>metinek</folder>
	<filename>1691749249.7308967_gray.jpg</filename>
	<path>/metinek/1691749249.7308967_gray.jpg</path>
	<source>
		<database>Unspecified</database>
	</source>
	<size>
		<width>716</width>
		<height>539</height>
		<depth>3</depth>
	</size>
	<object>
		<name>Metin</name>
		<pose>Unspecified</pose>
		<truncated>0</truncated>
		<difficult>0</difficult>
		<bndbox>
			<xmin>215</xmin>
			<ymin>183</ymin>
			<xmax>264</xmax>
			<ymax>239</ymax>
		</bndbox>
	</object>
	<object>
		<name>Character</name>
		<pose>Unspecified</pose>
		<truncated>0</truncated>
		<difficult>0</difficult>
		<bndbox>
			<xmin>392</xmin>
			<ymin>221</ymin>
			<xmax>418</xmax>
			<ymax>270</ymax>
		</bndbox>
	</object>
	<object>
		<name>Character</name>
		<pose>Unspecified</pose>
		<truncated>0</truncated>
		<difficult>0</difficult>
		<bndbox>
			<xmin>287</xmin>
			<ymin>206</ymin>
			<xmax>384</xmax>
			<ymax>287</ymax>
		</bndbox>
	</object>
</annotation>