<annotation>
	<folder>metinek</folder>
	<filename>1691749251.0171182_gray.jpg</filename>
	<path>/metinek/1691749251.0171182_gray.jpg</path>
	<source>
		<database>Unspecified</database>
	</source>
	<size>
		<width>716</width>
		<height>539</height>
		<depth>3</depth>
	</size>
	<object>
		<name>Metin</name>
		<pose>Unspecified</pose>
		<truncated>0</truncated>
		<difficult>0</difficult>
		<bndbox>
			<xmin>270</xmin>
			<ymin>288</ymin>
			<xmax>322</xmax>
			<ymax>351</ymax>
		</bndbox>
	</object>
	<object>
		<name>Character</name>
		<pose>Unspecified</pose>
		<truncated>0</truncated>
		<difficult>0</difficult>
		<bndbox>
			<xmin>321</xmin>
			<ymin>207</ymin>
			<xmax>396</xmax>
			<ymax>291</ymax>
		</bndbox>
	</object>
	<object>
		<name>Character</name>
		<pose>Unspecified</pose>
		<truncated>0</truncated>
		<difficult>0</difficult>
		<bndbox>
			<xmin>291</xmin>
			<ymin>210</ymin>
			<xmax>325</xmax>
			<ymax>261</ymax>
		</bndbox>
	</object>
</annotation>