<annotation>
	<folder>metinek</folder>
	<filename>1691749272.8249648_gray.jpg</filename>
	<path>/metinek/1691749272.8249648_gray.jpg</path>
	<source>
		<database>Unspecified</database>
	</source>
	<size>
		<width>716</width>
		<height>539</height>
		<depth>3</depth>
	</size>
	<object>
		<name>Character</name>
		<pose>Unspecified</pose>
		<truncated>0</truncated>
		<difficult>0</difficult>
		<bndbox>
			<xmin>334</xmin>
			<ymin>270</ymin>
			<xmax>380</xmax>
			<ymax>321</ymax>
		</bndbox>
	</object>
	<object>
		<name>Character</name>
		<pose>Unspecified</pose>
		<truncated>0</truncated>
		<difficult>0</difficult>
		<bndbox>
			<xmin>309</xmin>
			<ymin>217</ymin>
			<xmax>408</xmax>
			<ymax>272</ymax>
		</bndbox>
	</object>
</annotation>