<annotation>
	<folder>metinek</folder>
	<filename>1691749249.9873683_gray.jpg</filename>
	<path>/metinek/1691749249.9873683_gray.jpg</path>
	<source>
		<database>Unspecified</database>
	</source>
	<size>
		<width>716</width>
		<height>539</height>
		<depth>3</depth>
	</size>
	<object>
		<name>Metin</name>
		<pose>Unspecified</pose>
		<truncated>0</truncated>
		<difficult>0</difficult>
		<bndbox>
			<xmin>171</xmin>
			<ymin>199</ymin>
			<xmax>226</xmax>
			<ymax>261</ymax>
		</bndbox>
	</object>
	<object>
		<name>Character</name>
		<pose>Unspecified</pose>
		<truncated>0</truncated>
		<difficult>0</difficult>
		<bndbox>
			<xmin>286</xmin>
			<ymin>200</ymin>
			<xmax>380</xmax>
			<ymax>292</ymax>
		</bndbox>
	</object>
	<object>
		<name>Character</name>
		<pose>Unspecified</pose>
		<truncated>0</truncated>
		<difficult>0</difficult>
		<bndbox>
			<xmin>369</xmin>
			<ymin>212</ymin>
			<xmax>411</xmax>
			<ymax>259</ymax>
		</bndbox>
	</object>
</annotation>