<annotation>
	<folder>metinek</folder>
	<filename>1691749336.9373183_gray.jpg</filename>
	<path>/metinek/1691749336.9373183_gray.jpg</path>
	<source>
		<database>Unspecified</database>
	</source>
	<size>
		<width>716</width>
		<height>539</height>
		<depth>3</depth>
	</size>
	<object>
		<name>Character</name>
		<pose>Unspecified</pose>
		<truncated>0</truncated>
		<difficult>0</difficult>
		<bndbox>
			<xmin>317</xmin>
			<ymin>197</ymin>
			<xmax>382</xmax>
			<ymax>290</ymax>
		</bndbox>
	</object>
	<object>
		<name>Character</name>
		<pose>Unspecified</pose>
		<truncated>0</truncated>
		<difficult>0</difficult>
		<bndbox>
			<xmin>392</xmin>
			<ymin>216</ymin>
			<xmax>419</xmax>
			<ymax>266</ymax>
		</bndbox>
	</object>
</annotation>