<annotation>
	<folder>metinek</folder>
	<filename>1691749232.8855715_gray.jpg</filename>
	<path>/metinek/1691749232.8855715_gray.jpg</path>
	<source>
		<database>Unspecified</database>
	</source>
	<size>
		<width>716</width>
		<height>539</height>
		<depth>3</depth>
	</size>
	<object>
		<name>Metin</name>
		<pose>Unspecified</pose>
		<truncated>0</truncated>
		<difficult>0</difficult>
		<bndbox>
			<xmin>546</xmin>
			<ymin>353</ymin>
			<xmax>615</xmax>
			<ymax>438</ymax>
		</bndbox>
	</object>
	<object>
		<name>Character</name>
		<pose>Unspecified</pose>
		<truncated>0</truncated>
		<difficult>0</difficult>
		<bndbox>
			<xmin>305</xmin>
			<ymin>201</ymin>
			<xmax>376</xmax>
			<ymax>299</ymax>
		</bndbox>
	</object>
	<object>
		<name>Character</name>
		<pose>Unspecified</pose>
		<truncated>0</truncated>
		<difficult>0</difficult>
		<bndbox>
			<xmin>386</xmin>
			<ymin>239</ymin>
			<xmax>415</xmax>
			<ymax>298</ymax>
		</bndbox>
	</object>
</annotation>