<annotation>
	<folder>metinek</folder>
	<filename>1691749273.3880205_gray.jpg</filename>
	<path>/metinek/1691749273.3880205_gray.jpg</path>
	<source>
		<database>Unspecified</database>
	</source>
	<size>
		<width>716</width>
		<height>539</height>
		<depth>3</depth>
	</size>
	<object>
		<name>Character</name>
		<pose>Unspecified</pose>
		<truncated>0</truncated>
		<difficult>0</difficult>
		<bndbox>
			<xmin>379</xmin>
			<ymin>260</ymin>
			<xmax>422</xmax>
			<ymax>300</ymax>
		</bndbox>
	</object>
	<object>
		<name>Character</name>
		<pose>Unspecified</pose>
		<truncated>0</truncated>
		<difficult>0</difficult>
		<bndbox>
			<xmin>316</xmin>
			<ymin>208</ymin>
			<xmax>396</xmax>
			<ymax>278</ymax>
		</bndbox>
	</object>
</annotation>