<annotation>
	<folder>metinek</folder>
	<filename>1691749243.6095836_gray.jpg</filename>
	<path>/metinek/1691749243.6095836_gray.jpg</path>
	<source>
		<database>Unspecified</database>
	</source>
	<size>
		<width>716</width>
		<height>539</height>
		<depth>3</depth>
	</size>
	<object>
		<name>Metin</name>
		<pose>Unspecified</pose>
		<truncated>0</truncated>
		<difficult>0</difficult>
		<bndbox>
			<xmin>415</xmin>
			<ymin>288</ymin>
			<xmax>473</xmax>
			<ymax>344</ymax>
		</bndbox>
	</object>
	<object>
		<name>Character</name>
		<pose>Unspecified</pose>
		<truncated>0</truncated>
		<difficult>0</difficult>
		<bndbox>
			<xmin>281</xmin>
			<ymin>226</ymin>
			<xmax>311</xmax>
			<ymax>277</ymax>
		</bndbox>
	</object>
	<object>
		<name>Character</name>
		<pose>Unspecified</pose>
		<truncated>0</truncated>
		<difficult>0</difficult>
		<bndbox>
			<xmin>318</xmin>
			<ymin>204</ymin>
			<xmax>411</xmax>
			<ymax>281</ymax>
		</bndbox>
	</object>
</annotation>