<annotation>
	<folder>metinek</folder>
	<filename>1691749247.728782_gray.jpg</filename>
	<path>/metinek/1691749247.728782_gray.jpg</path>
	<source>
		<database>Unspecified</database>
	</source>
	<size>
		<width>716</width>
		<height>539</height>
		<depth>3</depth>
	</size>
	<object>
		<name>Metin</name>
		<pose>Unspecified</pose>
		<truncated>0</truncated>
		<difficult>0</difficult>
		<bndbox>
			<xmin>456</xmin>
			<ymin>270</ymin>
			<xmax>509</xmax>
			<ymax>331</ymax>
		</bndbox>
	</object>
	<object>
		<name>Character</name>
		<pose>Unspecified</pose>
		<truncated>0</truncated>
		<difficult>0</difficult>
		<bndbox>
			<xmin>282</xmin>
			<ymin>239</ymin>
			<xmax>307</xmax>
			<ymax>291</ymax>
		</bndbox>
	</object>
	<object>
		<name>Character</name>
		<pose>Unspecified</pose>
		<truncated>0</truncated>
		<difficult>0</difficult>
		<bndbox>
			<xmin>319</xmin>
			<ymin>211</ymin>
			<xmax>411</xmax>
			<ymax>282</ymax>
		</bndbox>
	</object>
</annotation>