<annotation>
	<folder>metinek</folder>
	<filename>1691749246.497138_gray.jpg</filename>
	<path>/metinek/1691749246.497138_gray.jpg</path>
	<source>
		<database>Unspecified</database>
	</source>
	<size>
		<width>716</width>
		<height>539</height>
		<depth>3</depth>
	</size>
	<object>
		<name>Metin</name>
		<pose>Unspecified</pose>
		<truncated>0</truncated>
		<difficult>0</difficult>
		<bndbox>
			<xmin>167</xmin>
			<ymin>242</ymin>
			<xmax>206</xmax>
			<ymax>308</ymax>
		</bndbox>
	</object>
	<object>
		<name>Character</name>
		<pose>Unspecified</pose>
		<truncated>0</truncated>
		<difficult>0</difficult>
		<bndbox>
			<xmin>310</xmin>
			<ymin>206</ymin>
			<xmax>388</xmax>
			<ymax>284</ymax>
		</bndbox>
	</object>
</annotation>