<annotation>
	<folder>metinek</folder>
	<filename>1691749272.921207_gray.jpg</filename>
	<path>/metinek/1691749272.921207_gray.jpg</path>
	<source>
		<database>Unspecified</database>
	</source>
	<size>
		<width>716</width>
		<height>539</height>
		<depth>3</depth>
	</size>
	<object>
		<name>Character</name>
		<pose>Unspecified</pose>
		<truncated>0</truncated>
		<difficult>0</difficult>
		<bndbox>
			<xmin>343</xmin>
			<ymin>270</ymin>
			<xmax>380</xmax>
			<ymax>308</ymax>
		</bndbox>
	</object>
	<object>
		<name>Character</name>
		<pose>Unspecified</pose>
		<truncated>0</truncated>
		<difficult>0</difficult>
		<bndbox>
			<xmin>317</xmin>
			<ymin>208</ymin>
			<xmax>402</xmax>
			<ymax>281</ymax>
		</bndbox>
	</object>
</annotation>