<annotation>
	<folder>metinek</folder>
	<filename>1691749251.2482276_gray.jpg</filename>
	<path>/metinek/1691749251.2482276_gray.jpg</path>
	<source>
		<database>Unspecified</database>
	</source>
	<size>
		<width>716</width>
		<height>539</height>
		<depth>3</depth>
	</size>
	<object>
		<name>Metin</name>
		<pose>Unspecified</pose>
		<truncated>0</truncated>
		<difficult>0</difficult>
		<bndbox>
			<xmin>339</xmin>
			<ymin>294</ymin>
			<xmax>392</xmax>
			<ymax>357</ymax>
		</bndbox>
	</object>
	<object>
		<name>Character</name>
		<pose>Unspecified</pose>
		<truncated>0</truncated>
		<difficult>0</difficult>
		<bndbox>
			<xmin>322</xmin>
			<ymin>205</ymin>
			<xmax>405</xmax>
			<ymax>282</ymax>
		</bndbox>
	</object>
	<object>
		<name>Character</name>
		<pose>Unspecified</pose>
		<truncated>0</truncated>
		<difficult>0</difficult>
		<bndbox>
			<xmin>280</xmin>
			<ymin>220</ymin>
			<xmax>313</xmax>
			<ymax>270</ymax>
		</bndbox>
	</object>
</annotation>