<annotation>
	<folder>metinek</folder>
	<filename>1691749249.3693748_gray.jpg</filename>
	<path>/metinek/1691749249.3693748_gray.jpg</path>
	<source>
		<database>Unspecified</database>
	</source>
	<size>
		<width>716</width>
		<height>539</height>
		<depth>3</depth>
	</size>
	<object>
		<name>Metin</name>
		<pose>Unspecified</pose>
		<truncated>0</truncated>
		<difficult>0</difficult>
		<bndbox>
			<xmin>295</xmin>
			<ymin>178</ymin>
			<xmax>338</xmax>
			<ymax>224</ymax>
		</bndbox>
	</object>
	<object>
		<name>Character</name>
		<pose>Unspecified</pose>
		<truncated>0</truncated>
		<difficult>0</difficult>
		<bndbox>
			<xmin>401</xmin>
			<ymin>233</ymin>
			<xmax>426</xmax>
			<ymax>283</ymax>
		</bndbox>
	</object>
	<object>
		<name>Character</name>
		<pose>Unspecified</pose>
		<truncated>0</truncated>
		<difficult>0</difficult>
		<bndbox>
			<xmin>297</xmin>
			<ymin>205</ymin>
			<xmax>383</xmax>
			<ymax>285</ymax>
		</bndbox>
	</object>
</annotation>