<annotation>
	<folder>metinek</folder>
	<filename>1691749244.1692803_gray.jpg</filename>
	<path>/metinek/1691749244.1692803_gray.jpg</path>
	<source>
		<database>Unspecified</database>
	</source>
	<size>
		<width>716</width>
		<height>539</height>
		<depth>3</depth>
	</size>
	<object>
		<name>Metin</name>
		<pose>Unspecified</pose>
		<truncated>0</truncated>
		<difficult>0</difficult>
		<bndbox>
			<xmin>494</xmin>
			<ymin>234</ymin>
			<xmax>549</xmax>
			<ymax>284</ymax>
		</bndbox>
	</object>
	<object>
		<name>Character</name>
		<pose>Unspecified</pose>
		<truncated>0</truncated>
		<difficult>0</difficult>
		<bndbox>
			<xmin>309</xmin>
			<ymin>250</ymin>
			<xmax>333</xmax>
			<ymax>294</ymax>
		</bndbox>
	</object>
	<object>
		<name>Character</name>
		<pose>Unspecified</pose>
		<truncated>0</truncated>
		<difficult>0</difficult>
		<bndbox>
			<xmin>321</xmin>
			<ymin>208</ymin>
			<xmax>409</xmax>
			<ymax>286</ymax>
		</bndbox>
	</object>
</annotation>