<annotation>
	<folder>metinek</folder>
	<filename>1691749303.299709_gray.jpg</filename>
	<path>/metinek/1691749303.299709_gray.jpg</path>
	<source>
		<database>Unspecified</database>
	</source>
	<size>
		<width>716</width>
		<height>539</height>
		<depth>3</depth>
	</size>
	<object>
		<name>Metin</name>
		<pose>Unspecified</pose>
		<truncated>0</truncated>
		<difficult>0</difficult>
		<bndbox>
			<xmin>514</xmin>
			<ymin>182</ymin>
			<xmax>604</xmax>
			<ymax>311</ymax>
		</bndbox>
	</object>
	<object>
		<name>Character</name>
		<pose>Unspecified</pose>
		<truncated>0</truncated>
		<difficult>0</difficult>
		<bndbox>
			<xmin>259</xmin>
			<ymin>148</ymin>
			<xmax>414</xmax>
			<ymax>355</ymax>
		</bndbox>
	</object>
</annotation>