<annotation>
	<folder>metinek</folder>
	<filename>1691749259.181521_gray.jpg</filename>
	<path>/metinek/1691749259.181521_gray.jpg</path>
	<source>
		<database>Unspecified</database>
	</source>
	<size>
		<width>716</width>
		<height>539</height>
		<depth>3</depth>
	</size>
	<object>
		<name>Character</name>
		<pose>Unspecified</pose>
		<truncated>0</truncated>
		<difficult>0</difficult>
		<bndbox>
			<xmin>287</xmin>
			<ymin>156</ymin>
			<xmax>406</xmax>
			<ymax>305</ymax>
		</bndbox>
	</object>
</annotation>