<annotation>
	<folder>metinek</folder>
	<filename>1691749249.0417206_gray.jpg</filename>
	<path>/metinek/1691749249.0417206_gray.jpg</path>
	<source>
		<database>Unspecified</database>
	</source>
	<size>
		<width>716</width>
		<height>539</height>
		<depth>3</depth>
	</size>
	<object>
		<name>Metin</name>
		<pose>Unspecified</pose>
		<truncated>0</truncated>
		<difficult>0</difficult>
		<bndbox>
			<xmin>370</xmin>
			<ymin>177</ymin>
			<xmax>415</xmax>
			<ymax>223</ymax>
		</bndbox>
	</object>
	<object>
		<name>Character</name>
		<pose>Unspecified</pose>
		<truncated>0</truncated>
		<difficult>0</difficult>
		<bndbox>
			<xmin>312</xmin>
			<ymin>204</ymin>
			<xmax>382</xmax>
			<ymax>286</ymax>
		</bndbox>
	</object>
	<object>
		<name>Character</name>
		<pose>Unspecified</pose>
		<truncated>0</truncated>
		<difficult>0</difficult>
		<bndbox>
			<xmin>384</xmin>
			<ymin>245</ymin>
			<xmax>420</xmax>
			<ymax>294</ymax>
		</bndbox>
	</object>
</annotation>