<annotation>
	<folder>metinek</folder>
	<filename>1691749249.211571_gray.jpg</filename>
	<path>/metinek/1691749249.211571_gray.jpg</path>
	<source>
		<database>Unspecified</database>
	</source>
	<size>
		<width>716</width>
		<height>539</height>
		<depth>3</depth>
	</size>
	<object>
		<name>Metin</name>
		<pose>Unspecified</pose>
		<truncated>0</truncated>
		<difficult>0</difficult>
		<bndbox>
			<xmin>333</xmin>
			<ymin>175</ymin>
			<xmax>377</xmax>
			<ymax>217</ymax>
		</bndbox>
	</object>
	<object>
		<name>Character</name>
		<pose>Unspecified</pose>
		<truncated>0</truncated>
		<difficult>0</difficult>
		<bndbox>
			<xmin>398</xmin>
			<ymin>234</ymin>
			<xmax>423</xmax>
			<ymax>285</ymax>
		</bndbox>
	</object>
	<object>
		<name>Character</name>
		<pose>Unspecified</pose>
		<truncated>0</truncated>
		<difficult>0</difficult>
		<bndbox>
			<xmin>298</xmin>
			<ymin>201</ymin>
			<xmax>384</xmax>
			<ymax>283</ymax>
		</bndbox>
	</object>
</annotation>