<annotation>
	<folder>metinek</folder>
	<filename>1691749244.6542685_gray.jpg</filename>
	<path>/metinek/1691749244.6542685_gray.jpg</path>
	<source>
		<database>Unspecified</database>
	</source>
	<size>
		<width>716</width>
		<height>539</height>
		<depth>3</depth>
	</size>
	<object>
		<name>Metin</name>
		<pose>Unspecified</pose>
		<truncated>0</truncated>
		<difficult>0</difficult>
		<bndbox>
			<xmin>456</xmin>
			<ymin>197</ymin>
			<xmax>502</xmax>
			<ymax>249</ymax>
		</bndbox>
	</object>
	<object>
		<name>Character</name>
		<pose>Unspecified</pose>
		<truncated>0</truncated>
		<difficult>0</difficult>
		<bndbox>
			<xmin>322</xmin>
			<ymin>205</ymin>
			<xmax>396</xmax>
			<ymax>296</ymax>
		</bndbox>
	</object>
	<object>
		<name>Character</name>
		<pose>Unspecified</pose>
		<truncated>0</truncated>
		<difficult>0</difficult>
		<bndbox>
			<xmin>355</xmin>
			<ymin>252</ymin>
			<xmax>382</xmax>
			<ymax>295</ymax>
		</bndbox>
	</object>
</annotation>