<annotation>
	<folder>metinek</folder>
	<filename>1691749251.2161202_gray.jpg</filename>
	<path>/metinek/1691749251.2161202_gray.jpg</path>
	<source>
		<database>Unspecified</database>
	</source>
	<size>
		<width>716</width>
		<height>539</height>
		<depth>3</depth>
	</size>
	<object>
		<name>Metin</name>
		<pose>Unspecified</pose>
		<truncated>0</truncated>
		<difficult>0</difficult>
		<bndbox>
			<xmin>321</xmin>
			<ymin>291</ymin>
			<xmax>392</xmax>
			<ymax>357</ymax>
		</bndbox>
	</object>
	<object>
		<name>Character</name>
		<pose>Unspecified</pose>
		<truncated>0</truncated>
		<difficult>0</difficult>
		<bndbox>
			<xmin>320</xmin>
			<ymin>203</ymin>
			<xmax>408</xmax>
			<ymax>284</ymax>
		</bndbox>
	</object>
	<object>
		<name>Character</name>
		<pose>Unspecified</pose>
		<truncated>0</truncated>
		<difficult>0</difficult>
		<bndbox>
			<xmin>280</xmin>
			<ymin>220</ymin>
			<xmax>315</xmax>
			<ymax>273</ymax>
		</bndbox>
	</object>
</annotation>