<annotation>
	<folder>metinek</folder>
	<filename>1691749250.2650273_gray.jpg</filename>
	<path>/metinek/1691749250.2650273_gray.jpg</path>
	<source>
		<database>Unspecified</database>
	</source>
	<size>
		<width>716</width>
		<height>539</height>
		<depth>3</depth>
	</size>
	<object>
		<name>Metin</name>
		<pose>Unspecified</pose>
		<truncated>0</truncated>
		<difficult>0</difficult>
		<bndbox>
			<xmin>153</xmin>
			<ymin>224</ymin>
			<xmax>207</xmax>
			<ymax>288</ymax>
		</bndbox>
	</object>
	<object>
		<name>Character</name>
		<pose>Unspecified</pose>
		<truncated>0</truncated>
		<difficult>0</difficult>
		<bndbox>
			<xmin>302</xmin>
			<ymin>205</ymin>
			<xmax>396</xmax>
			<ymax>293</ymax>
		</bndbox>
	</object>
</annotation>