<annotation>
	<folder>metinek</folder>
	<filename>1691749251.4502327_gray.jpg</filename>
	<path>/metinek/1691749251.4502327_gray.jpg</path>
	<source>
		<database>Unspecified</database>
	</source>
	<size>
		<width>716</width>
		<height>539</height>
		<depth>3</depth>
	</size>
	<object>
		<name>Metin</name>
		<pose>Unspecified</pose>
		<truncated>0</truncated>
		<difficult>0</difficult>
		<bndbox>
			<xmin>396</xmin>
			<ymin>286</ymin>
			<xmax>460</xmax>
			<ymax>348</ymax>
		</bndbox>
	</object>
	<object>
		<name>Character</name>
		<pose>Unspecified</pose>
		<truncated>0</truncated>
		<difficult>0</difficult>
		<bndbox>
			<xmin>264</xmin>
			<ymin>222</ymin>
			<xmax>306</xmax>
			<ymax>276</ymax>
		</bndbox>
	</object>
	<object>
		<name>Character</name>
		<pose>Unspecified</pose>
		<truncated>0</truncated>
		<difficult>0</difficult>
		<bndbox>
			<xmin>317</xmin>
			<ymin>199</ymin>
			<xmax>417</xmax>
			<ymax>281</ymax>
		</bndbox>
	</object>
</annotation>