<annotation>
	<folder>metinek</folder>
	<filename>1691749248.9181924_gray.jpg</filename>
	<path>/metinek/1691749248.9181924_gray.jpg</path>
	<source>
		<database>Unspecified</database>
	</source>
	<size>
		<width>716</width>
		<height>539</height>
		<depth>3</depth>
	</size>
	<object>
		<name>Metin</name>
		<pose>Unspecified</pose>
		<truncated>0</truncated>
		<difficult>0</difficult>
		<bndbox>
			<xmin>400</xmin>
			<ymin>184</ymin>
			<xmax>444</xmax>
			<ymax>227</ymax>
		</bndbox>
	</object>
	<object>
		<name>Character</name>
		<pose>Unspecified</pose>
		<truncated>0</truncated>
		<difficult>0</difficult>
		<bndbox>
			<xmin>380</xmin>
			<ymin>248</ymin>
			<xmax>413</xmax>
			<ymax>297</ymax>
		</bndbox>
	</object>
	<object>
		<name>Character</name>
		<pose>Unspecified</pose>
		<truncated>0</truncated>
		<difficult>0</difficult>
		<bndbox>
			<xmin>321</xmin>
			<ymin>202</ymin>
			<xmax>382</xmax>
			<ymax>286</ymax>
		</bndbox>
	</object>
</annotation>