<annotation>
	<folder>metinek</folder>
	<filename>1691749245.9788573_gray.jpg</filename>
	<path>/metinek/1691749245.9788573_gray.jpg</path>
	<source>
		<database>Unspecified</database>
	</source>
	<size>
		<width>716</width>
		<height>539</height>
		<depth>3</depth>
	</size>
	<object>
		<name>Metin</name>
		<pose>Unspecified</pose>
		<truncated>0</truncated>
		<difficult>0</difficult>
		<bndbox>
			<xmin>182</xmin>
			<ymin>204</ymin>
			<xmax>229</xmax>
			<ymax>256</ymax>
		</bndbox>
	</object>
	<object>
		<name>Character</name>
		<pose>Unspecified</pose>
		<truncated>0</truncated>
		<difficult>0</difficult>
		<bndbox>
			<xmin>295</xmin>
			<ymin>204</ymin>
			<xmax>376</xmax>
			<ymax>284</ymax>
		</bndbox>
	</object>
	<object>
		<name>Character</name>
		<pose>Unspecified</pose>
		<truncated>0</truncated>
		<difficult>0</difficult>
		<bndbox>
			<xmin>379</xmin>
			<ymin>212</ymin>
			<xmax>405</xmax>
			<ymax>272</ymax>
		</bndbox>
	</object>
</annotation>