<annotation>
	<folder>metinek</folder>
	<filename>1691749251.356007_gray.jpg</filename>
	<path>/metinek/1691749251.356007_gray.jpg</path>
	<source>
		<database>Unspecified</database>
	</source>
	<size>
		<width>716</width>
		<height>539</height>
		<depth>3</depth>
	</size>
	<object>
		<name>Metin</name>
		<pose>Unspecified</pose>
		<truncated>0</truncated>
		<difficult>0</difficult>
		<bndbox>
			<xmin>369</xmin>
			<ymin>290</ymin>
			<xmax>432</xmax>
			<ymax>352</ymax>
		</bndbox>
	</object>
	<object>
		<name>Character</name>
		<pose>Unspecified</pose>
		<truncated>0</truncated>
		<difficult>0</difficult>
		<bndbox>
			<xmin>322</xmin>
			<ymin>210</ymin>
			<xmax>408</xmax>
			<ymax>280</ymax>
		</bndbox>
	</object>
	<object>
		<name>Character</name>
		<pose>Unspecified</pose>
		<truncated>0</truncated>
		<difficult>0</difficult>
		<bndbox>
			<xmin>270</xmin>
			<ymin>211</ymin>
			<xmax>307</xmax>
			<ymax>278</ymax>
		</bndbox>
	</object>
</annotation>