<annotation>
	<folder>metinek</folder>
	<filename>1691749272.794462_gray.jpg</filename>
	<path>/metinek/1691749272.794462_gray.jpg</path>
	<source>
		<database>Unspecified</database>
	</source>
	<size>
		<width>716</width>
		<height>539</height>
		<depth>3</depth>
	</size>
	<object>
		<name>Character</name>
		<pose>Unspecified</pose>
		<truncated>0</truncated>
		<difficult>0</difficult>
		<bndbox>
			<xmin>331</xmin>
			<ymin>273</ymin>
			<xmax>371</xmax>
			<ymax>327</ymax>
		</bndbox>
	</object>
	<object>
		<name>Character</name>
		<pose>Unspecified</pose>
		<truncated>0</truncated>
		<difficult>0</difficult>
		<bndbox>
			<xmin>307</xmin>
			<ymin>212</ymin>
			<xmax>403</xmax>
			<ymax>280</ymax>
		</bndbox>
	</object>
</annotation>