<annotation>
	<folder>metinek</folder>
	<filename>1691749250.7021685_gray.jpg</filename>
	<path>/metinek/1691749250.7021685_gray.jpg</path>
	<source>
		<database>Unspecified</database>
	</source>
	<size>
		<width>716</width>
		<height>539</height>
		<depth>3</depth>
	</size>
	<object>
		<name>Metin</name>
		<pose>Unspecified</pose>
		<truncated>0</truncated>
		<difficult>0</difficult>
		<bndbox>
			<xmin>188</xmin>
			<ymin>259</ymin>
			<xmax>245</xmax>
			<ymax>328</ymax>
		</bndbox>
	</object>
	<object>
		<name>Character</name>
		<pose>Unspecified</pose>
		<truncated>0</truncated>
		<difficult>0</difficult>
		<bndbox>
			<xmin>301</xmin>
			<ymin>197</ymin>
			<xmax>383</xmax>
			<ymax>305</ymax>
		</bndbox>
	</object>
	<object>
		<name>Character</name>
		<pose>Unspecified</pose>
		<truncated>0</truncated>
		<difficult>0</difficult>
		<bndbox>
			<xmin>316</xmin>
			<ymin>212</ymin>
			<xmax>336</xmax>
			<ymax>249</ymax>
		</bndbox>
	</object>
</annotation>