<annotation>
	<folder>metinek</folder>
	<filename>1691749249.308037_gray.jpg</filename>
	<path>/metinek/1691749249.308037_gray.jpg</path>
	<source>
		<database>Unspecified</database>
	</source>
	<size>
		<width>716</width>
		<height>539</height>
		<depth>3</depth>
	</size>
	<object>
		<name>Metin</name>
		<pose>Unspecified</pose>
		<truncated>0</truncated>
		<difficult>0</difficult>
		<bndbox>
			<xmin>311</xmin>
			<ymin>179</ymin>
			<xmax>350</xmax>
			<ymax>222</ymax>
		</bndbox>
	</object>
	<object>
		<name>Character</name>
		<pose>Unspecified</pose>
		<truncated>0</truncated>
		<difficult>0</difficult>
		<bndbox>
			<xmin>394</xmin>
			<ymin>233</ymin>
			<xmax>424</xmax>
			<ymax>282</ymax>
		</bndbox>
	</object>
	<object>
		<name>Character</name>
		<pose>Unspecified</pose>
		<truncated>0</truncated>
		<difficult>0</difficult>
		<bndbox>
			<xmin>295</xmin>
			<ymin>208</ymin>
			<xmax>386</xmax>
			<ymax>288</ymax>
		</bndbox>
	</object>
</annotation>