<annotation>
	<folder>metinek</folder>
	<filename>1691749272.2305439_gray.jpg</filename>
	<path>/metinek/1691749272.2305439_gray.jpg</path>
	<source>
		<database>Unspecified</database>
	</source>
	<size>
		<width>716</width>
		<height>539</height>
		<depth>3</depth>
	</size>
	<object>
		<name>Character</name>
		<pose>Unspecified</pose>
		<truncated>0</truncated>
		<difficult>0</difficult>
		<bndbox>
			<xmin>318</xmin>
			<ymin>194</ymin>
			<xmax>407</xmax>
			<ymax>285</ymax>
		</bndbox>
	</object>
	<object>
		<name>Character</name>
		<pose>Unspecified</pose>
		<truncated>0</truncated>
		<difficult>0</difficult>
		<bndbox>
			<xmin>285</xmin>
			<ymin>247</ymin>
			<xmax>328</xmax>
			<ymax>296</ymax>
		</bndbox>
	</object>
</annotation>