<annotation>
	<folder>metinek</folder>
	<filename>1691749273.04433_gray.jpg</filename>
	<path>/metinek/1691749273.04433_gray.jpg</path>
	<source>
		<database>Unspecified</database>
	</source>
	<size>
		<width>716</width>
		<height>539</height>
		<depth>3</depth>
	</size>
	<object>
		<name>Character</name>
		<pose>Unspecified</pose>
		<truncated>0</truncated>
		<difficult>0</difficult>
		<bndbox>
			<xmin>323</xmin>
			<ymin>213</ymin>
			<xmax>403</xmax>
			<ymax>279</ymax>
		</bndbox>
	</object>
	<object>
		<name>Character</name>
		<pose>Unspecified</pose>
		<truncated>0</truncated>
		<difficult>0</difficult>
		<bndbox>
			<xmin>361</xmin>
			<ymin>262</ymin>
			<xmax>403</xmax>
			<ymax>317</ymax>
		</bndbox>
	</object>
</annotation>