<annotation>
	<folder>metinek</folder>
	<filename>1691749243.4389405_gray.jpg</filename>
	<path>/metinek/1691749243.4389405_gray.jpg</path>
	<source>
		<database>Unspecified</database>
	</source>
	<size>
		<width>716</width>
		<height>539</height>
		<depth>3</depth>
	</size>
	<object>
		<name>Metin</name>
		<pose>Unspecified</pose>
		<truncated>0</truncated>
		<difficult>0</difficult>
		<bndbox>
			<xmin>369</xmin>
			<ymin>293</ymin>
			<xmax>438</xmax>
			<ymax>355</ymax>
		</bndbox>
	</object>
	<object>
		<name>Character</name>
		<pose>Unspecified</pose>
		<truncated>0</truncated>
		<difficult>0</difficult>
		<bndbox>
			<xmin>325</xmin>
			<ymin>201</ymin>
			<xmax>404</xmax>
			<ymax>285</ymax>
		</bndbox>
	</object>
	<object>
		<name>Character</name>
		<pose>Unspecified</pose>
		<truncated>0</truncated>
		<difficult>0</difficult>
		<bndbox>
			<xmin>273</xmin>
			<ymin>226</ymin>
			<xmax>312</xmax>
			<ymax>276</ymax>
		</bndbox>
	</object>
</annotation>