<annotation>
	<folder>metinek</folder>
	<filename>1691749251.0932004_gray.jpg</filename>
	<path>/metinek/1691749251.0932004_gray.jpg</path>
	<source>
		<database>Unspecified</database>
	</source>
	<size>
		<width>716</width>
		<height>539</height>
		<depth>3</depth>
	</size>
	<object>
		<name>Metin</name>
		<pose>Unspecified</pose>
		<truncated>0</truncated>
		<difficult>0</difficult>
		<bndbox>
			<xmin>285</xmin>
			<ymin>288</ymin>
			<xmax>355</xmax>
			<ymax>362</ymax>
		</bndbox>
	</object>
	<object>
		<name>Character</name>
		<pose>Unspecified</pose>
		<truncated>0</truncated>
		<difficult>0</difficult>
		<bndbox>
			<xmin>324</xmin>
			<ymin>208</ymin>
			<xmax>401</xmax>
			<ymax>289</ymax>
		</bndbox>
	</object>
	<object>
		<name>Character</name>
		<pose>Unspecified</pose>
		<truncated>0</truncated>
		<difficult>0</difficult>
		<bndbox>
			<xmin>281</xmin>
			<ymin>212</ymin>
			<xmax>317</xmax>
			<ymax>263</ymax>
		</bndbox>
	</object>
</annotation>