<annotation>
	<folder>metinek</folder>
	<filename>1691749249.011611_gray.jpg</filename>
	<path>/metinek/1691749249.011611_gray.jpg</path>
	<source>
		<database>Unspecified</database>
	</source>
	<size>
		<width>716</width>
		<height>539</height>
		<depth>3</depth>
	</size>
	<object>
		<name>Metin</name>
		<pose>Unspecified</pose>
		<truncated>0</truncated>
		<difficult>0</difficult>
		<bndbox>
			<xmin>379</xmin>
			<ymin>179</ymin>
			<xmax>430</xmax>
			<ymax>228</ymax>
		</bndbox>
	</object>
	<object>
		<name>Character</name>
		<pose>Unspecified</pose>
		<truncated>0</truncated>
		<difficult>0</difficult>
		<bndbox>
			<xmin>385</xmin>
			<ymin>245</ymin>
			<xmax>415</xmax>
			<ymax>297</ymax>
		</bndbox>
	</object>
	<object>
		<name>Character</name>
		<pose>Unspecified</pose>
		<truncated>0</truncated>
		<difficult>0</difficult>
		<bndbox>
			<xmin>323</xmin>
			<ymin>208</ymin>
			<xmax>373</xmax>
			<ymax>284</ymax>
		</bndbox>
	</object>
</annotation>