<annotation>
	<folder>metinek</folder>
	<filename>1691749272.3571339_gray.jpg</filename>
	<path>/metinek/1691749272.3571339_gray.jpg</path>
	<source>
		<database>Unspecified</database>
	</source>
	<size>
		<width>716</width>
		<height>539</height>
		<depth>3</depth>
	</size>
	<object>
		<name>Character</name>
		<pose>Unspecified</pose>
		<truncated>0</truncated>
		<difficult>0</difficult>
		<bndbox>
			<xmin>296</xmin>
			<ymin>248</ymin>
			<xmax>329</xmax>
			<ymax>303</ymax>
		</bndbox>
	</object>
	<object>
		<name>Character</name>
		<pose>Unspecified</pose>
		<truncated>0</truncated>
		<difficult>0</difficult>
		<bndbox>
			<xmin>313</xmin>
			<ymin>205</ymin>
			<xmax>419</xmax>
			<ymax>285</ymax>
		</bndbox>
	</object>
</annotation>