<annotation>
	<folder>metinek</folder>
	<filename>1691749249.9683206_gray.jpg</filename>
	<path>/metinek/1691749249.9683206_gray.jpg</path>
	<source>
		<database>Unspecified</database>
	</source>
	<size>
		<width>716</width>
		<height>539</height>
		<depth>3</depth>
	</size>
	<object>
		<name>Metin</name>
		<pose>Unspecified</pose>
		<truncated>0</truncated>
		<difficult>0</difficult>
		<bndbox>
			<xmin>181</xmin>
			<ymin>201</ymin>
			<xmax>229</xmax>
			<ymax>260</ymax>
		</bndbox>
	</object>
	<object>
		<name>Character</name>
		<pose>Unspecified</pose>
		<truncated>0</truncated>
		<difficult>0</difficult>
		<bndbox>
			<xmin>293</xmin>
			<ymin>199</ymin>
			<xmax>376</xmax>
			<ymax>296</ymax>
		</bndbox>
	</object>
	<object>
		<name>Character</name>
		<pose>Unspecified</pose>
		<truncated>0</truncated>
		<difficult>0</difficult>
		<bndbox>
			<xmin>378</xmin>
			<ymin>216</ymin>
			<xmax>410</xmax>
			<ymax>261</ymax>
		</bndbox>
	</object>
</annotation>