<annotation>
	<folder>metinek</folder>
	<filename>1691749251.4813209_gray.jpg</filename>
	<path>/metinek/1691749251.4813209_gray.jpg</path>
	<source>
		<database>Unspecified</database>
	</source>
	<size>
		<width>716</width>
		<height>539</height>
		<depth>3</depth>
	</size>
	<object>
		<name>Metin</name>
		<pose>Unspecified</pose>
		<truncated>0</truncated>
		<difficult>0</difficult>
		<bndbox>
			<xmin>401</xmin>
			<ymin>286</ymin>
			<xmax>464</xmax>
			<ymax>346</ymax>
		</bndbox>
	</object>
	<object>
		<name>Character</name>
		<pose>Unspecified</pose>
		<truncated>0</truncated>
		<difficult>0</difficult>
		<bndbox>
			<xmin>272</xmin>
			<ymin>226</ymin>
			<xmax>306</xmax>
			<ymax>279</ymax>
		</bndbox>
	</object>
	<object>
		<name>Character</name>
		<pose>Unspecified</pose>
		<truncated>0</truncated>
		<difficult>0</difficult>
		<bndbox>
			<xmin>326</xmin>
			<ymin>205</ymin>
			<xmax>404</xmax>
			<ymax>279</ymax>
		</bndbox>
	</object>
</annotation>