<annotation>
	<folder>metinek</folder>
	<filename>1691749326.689618_gray.jpg</filename>
	<path>/metinek/1691749326.689618_gray.jpg</path>
	<source>
		<database>Unspecified</database>
	</source>
	<size>
		<width>716</width>
		<height>539</height>
		<depth>3</depth>
	</size>
	<object>
		<name>Metin</name>
		<pose>Unspecified</pose>
		<truncated>0</truncated>
		<difficult>0</difficult>
		<bndbox>
			<xmin>176</xmin>
			<ymin>94</ymin>
			<xmax>206</xmax>
			<ymax>134</ymax>
		</bndbox>
	</object>
</annotation>