<annotation>
	<folder>metinek</folder>
	<filename>1691749250.9061604_gray.jpg</filename>
	<path>/metinek/1691749250.9061604_gray.jpg</path>
	<source>
		<database>Unspecified</database>
	</source>
	<size>
		<width>716</width>
		<height>539</height>
		<depth>3</depth>
	</size>
	<object>
		<name>Metin</name>
		<pose>Unspecified</pose>
		<truncated>0</truncated>
		<difficult>0</difficult>
		<bndbox>
			<xmin>229</xmin>
			<ymin>278</ymin>
			<xmax>298</xmax>
			<ymax>352</ymax>
		</bndbox>
	</object>
	<object>
		<name>Character</name>
		<pose>Unspecified</pose>
		<truncated>0</truncated>
		<difficult>0</difficult>
		<bndbox>
			<xmin>322</xmin>
			<ymin>210</ymin>
			<xmax>402</xmax>
			<ymax>303</ymax>
		</bndbox>
	</object>
	<object>
		<name>Character</name>
		<pose>Unspecified</pose>
		<truncated>0</truncated>
		<difficult>0</difficult>
		<bndbox>
			<xmin>293</xmin>
			<ymin>212</ymin>
			<xmax>330</xmax>
			<ymax>263</ymax>
		</bndbox>
	</object>
</annotation>