<annotation>
	<folder>metinek</folder>
	<filename>1691749251.5930245_gray.jpg</filename>
	<path>/metinek/1691749251.5930245_gray.jpg</path>
	<source>
		<database>Unspecified</database>
	</source>
	<size>
		<width>716</width>
		<height>539</height>
		<depth>3</depth>
	</size>
	<object>
		<name>Metin</name>
		<pose>Unspecified</pose>
		<truncated>0</truncated>
		<difficult>0</difficult>
		<bndbox>
			<xmin>436</xmin>
			<ymin>276</ymin>
			<xmax>485</xmax>
			<ymax>334</ymax>
		</bndbox>
	</object>
	<object>
		<name>Character</name>
		<pose>Unspecified</pose>
		<truncated>0</truncated>
		<difficult>0</difficult>
		<bndbox>
			<xmin>320</xmin>
			<ymin>199</ymin>
			<xmax>412</xmax>
			<ymax>280</ymax>
		</bndbox>
	</object>
	<object>
		<name>Character</name>
		<pose>Unspecified</pose>
		<truncated>0</truncated>
		<difficult>0</difficult>
		<bndbox>
			<xmin>274</xmin>
			<ymin>230</ymin>
			<xmax>314</xmax>
			<ymax>282</ymax>
		</bndbox>
	</object>
</annotation>