<annotation>
	<folder>metinek</folder>
	<filename>1691749316.3246675_gray.jpg</filename>
	<path>/metinek/1691749316.3246675_gray.jpg</path>
	<source>
		<database>Unspecified</database>
	</source>
	<size>
		<width>716</width>
		<height>539</height>
		<depth>3</depth>
	</size>
	<object>
		<name>Metin</name>
		<pose>Unspecified</pose>
		<truncated>0</truncated>
		<difficult>0</difficult>
		<bndbox>
			<xmin>450</xmin>
			<ymin>161</ymin>
			<xmax>524</xmax>
			<ymax>288</ymax>
		</bndbox>
	</object>
</annotation>