<annotation>
	<folder>metinek</folder>
	<filename>1691749250.9686992_gray.jpg</filename>
	<path>/metinek/1691749250.9686992_gray.jpg</path>
	<source>
		<database>Unspecified</database>
	</source>
	<size>
		<width>716</width>
		<height>539</height>
		<depth>3</depth>
	</size>
	<object>
		<name>Metin</name>
		<pose>Unspecified</pose>
		<truncated>0</truncated>
		<difficult>0</difficult>
		<bndbox>
			<xmin>254</xmin>
			<ymin>284</ymin>
			<xmax>315</xmax>
			<ymax>350</ymax>
		</bndbox>
	</object>
	<object>
		<name>Character</name>
		<pose>Unspecified</pose>
		<truncated>0</truncated>
		<difficult>0</difficult>
		<bndbox>
			<xmin>322</xmin>
			<ymin>210</ymin>
			<xmax>393</xmax>
			<ymax>290</ymax>
		</bndbox>
	</object>
	<object>
		<name>Character</name>
		<pose>Unspecified</pose>
		<truncated>0</truncated>
		<difficult>0</difficult>
		<bndbox>
			<xmin>293</xmin>
			<ymin>212</ymin>
			<xmax>320</xmax>
			<ymax>261</ymax>
		</bndbox>
	</object>
</annotation>