<annotation>
	<folder>metinek</folder>
	<filename>1691749250.028175_gray.jpg</filename>
	<path>/metinek/1691749250.028175_gray.jpg</path>
	<source>
		<database>Unspecified</database>
	</source>
	<size>
		<width>716</width>
		<height>539</height>
		<depth>3</depth>
	</size>
	<object>
		<name>Metin</name>
		<pose>Unspecified</pose>
		<truncated>0</truncated>
		<difficult>0</difficult>
		<bndbox>
			<xmin>171</xmin>
			<ymin>210</ymin>
			<xmax>224</xmax>
			<ymax>261</ymax>
		</bndbox>
	</object>
	<object>
		<name>Character</name>
		<pose>Unspecified</pose>
		<truncated>0</truncated>
		<difficult>0</difficult>
		<bndbox>
			<xmin>290</xmin>
			<ymin>197</ymin>
			<xmax>379</xmax>
			<ymax>292</ymax>
		</bndbox>
	</object>
	<object>
		<name>Character</name>
		<pose>Unspecified</pose>
		<truncated>0</truncated>
		<difficult>0</difficult>
		<bndbox>
			<xmin>372</xmin>
			<ymin>213</ymin>
			<xmax>404</xmax>
			<ymax>256</ymax>
		</bndbox>
	</object>
</annotation>