<annotation>
	<folder>metinek</folder>
	<filename>1691749250.169398_gray.jpg</filename>
	<path>/metinek/1691749250.169398_gray.jpg</path>
	<source>
		<database>Unspecified</database>
	</source>
	<size>
		<width>716</width>
		<height>539</height>
		<depth>3</depth>
	</size>
	<object>
		<name>Metin</name>
		<pose>Unspecified</pose>
		<truncated>0</truncated>
		<difficult>0</difficult>
		<bndbox>
			<xmin>157</xmin>
			<ymin>215</ymin>
			<xmax>217</xmax>
			<ymax>286</ymax>
		</bndbox>
	</object>
	<object>
		<name>Character</name>
		<pose>Unspecified</pose>
		<truncated>0</truncated>
		<difficult>0</difficult>
		<bndbox>
			<xmin>296</xmin>
			<ymin>205</ymin>
			<xmax>375</xmax>
			<ymax>292</ymax>
		</bndbox>
	</object>
	<object>
		<name>Character</name>
		<pose>Unspecified</pose>
		<truncated>0</truncated>
		<difficult>0</difficult>
		<bndbox>
			<xmin>361</xmin>
			<ymin>211</ymin>
			<xmax>393</xmax>
			<ymax>268</ymax>
		</bndbox>
	</object>
</annotation>