<annotation>
	<folder>metinek</folder>
	<filename>1691749243.9373386_gray.jpg</filename>
	<path>/metinek/1691749243.9373386_gray.jpg</path>
	<source>
		<database>Unspecified</database>
	</source>
	<size>
		<width>716</width>
		<height>539</height>
		<depth>3</depth>
	</size>
	<object>
		<name>Metin</name>
		<pose>Unspecified</pose>
		<truncated>0</truncated>
		<difficult>0</difficult>
		<bndbox>
			<xmin>482</xmin>
			<ymin>260</ymin>
			<xmax>535</xmax>
			<ymax>313</ymax>
		</bndbox>
	</object>
	<object>
		<name>Character</name>
		<pose>Unspecified</pose>
		<truncated>0</truncated>
		<difficult>0</difficult>
		<bndbox>
			<xmin>287</xmin>
			<ymin>241</ymin>
			<xmax>322</xmax>
			<ymax>297</ymax>
		</bndbox>
	</object>
	<object>
		<name>Character</name>
		<pose>Unspecified</pose>
		<truncated>0</truncated>
		<difficult>0</difficult>
		<bndbox>
			<xmin>322</xmin>
			<ymin>201</ymin>
			<xmax>415</xmax>
			<ymax>294</ymax>
		</bndbox>
	</object>
</annotation>