<annotation>
	<folder>metinek</folder>
	<filename>1691749251.2944877_gray.jpg</filename>
	<path>/metinek/1691749251.2944877_gray.jpg</path>
	<source>
		<database>Unspecified</database>
	</source>
	<size>
		<width>716</width>
		<height>539</height>
		<depth>3</depth>
	</size>
	<object>
		<name>Metin</name>
		<pose>Unspecified</pose>
		<truncated>0</truncated>
		<difficult>0</difficult>
		<bndbox>
			<xmin>351</xmin>
			<ymin>292</ymin>
			<xmax>408</xmax>
			<ymax>360</ymax>
		</bndbox>
	</object>
	<object>
		<name>Character</name>
		<pose>Unspecified</pose>
		<truncated>0</truncated>
		<difficult>0</difficult>
		<bndbox>
			<xmin>321</xmin>
			<ymin>204</ymin>
			<xmax>406</xmax>
			<ymax>288</ymax>
		</bndbox>
	</object>
	<object>
		<name>Character</name>
		<pose>Unspecified</pose>
		<truncated>0</truncated>
		<difficult>0</difficult>
		<bndbox>
			<xmin>277</xmin>
			<ymin>221</ymin>
			<xmax>314</xmax>
			<ymax>275</ymax>
		</bndbox>
	</object>
</annotation>