<annotation>
	<folder>metinek</folder>
	<filename>1691749246.3221157_gray.jpg</filename>
	<path>/metinek/1691749246.3221157_gray.jpg</path>
	<source>
		<database>Unspecified</database>
	</source>
	<size>
		<width>716</width>
		<height>539</height>
		<depth>3</depth>
	</size>
	<object>
		<name>Metin</name>
		<pose>Unspecified</pose>
		<truncated>0</truncated>
		<difficult>0</difficult>
		<bndbox>
			<xmin>155</xmin>
			<ymin>226</ymin>
			<xmax>206</xmax>
			<ymax>289</ymax>
		</bndbox>
	</object>
	<object>
		<name>Character</name>
		<pose>Unspecified</pose>
		<truncated>0</truncated>
		<difficult>0</difficult>
		<bndbox>
			<xmin>292</xmin>
			<ymin>197</ymin>
			<xmax>395</xmax>
			<ymax>290</ymax>
		</bndbox>
	</object>
</annotation>