<annotation>
	<folder>metinek</folder>
	<filename>1691749288.4750092_gray.jpg</filename>
	<path>/metinek/1691749288.4750092_gray.jpg</path>
	<source>
		<database>Unspecified</database>
	</source>
	<size>
		<width>716</width>
		<height>539</height>
		<depth>3</depth>
	</size>
	<object>
		<name>Character</name>
		<pose>Unspecified</pose>
		<truncated>0</truncated>
		<difficult>0</difficult>
		<bndbox>
			<xmin>332</xmin>
			<ymin>207</ymin>
			<xmax>421</xmax>
			<ymax>281</ymax>
		</bndbox>
	</object>
	<object>
		<name>Character</name>
		<pose>Unspecified</pose>
		<truncated>0</truncated>
		<difficult>0</difficult>
		<bndbox>
			<xmin>61</xmin>
			<ymin>237</ymin>
			<xmax>123</xmax>
			<ymax>305</ymax>
		</bndbox>
	</object>
</annotation>