<annotation>
	<folder>metinek</folder>
	<filename>1691749251.4193003_gray.jpg</filename>
	<path>/metinek/1691749251.4193003_gray.jpg</path>
	<source>
		<database>Unspecified</database>
	</source>
	<size>
		<width>716</width>
		<height>539</height>
		<depth>3</depth>
	</size>
	<object>
		<name>Metin</name>
		<pose>Unspecified</pose>
		<truncated>0</truncated>
		<difficult>0</difficult>
		<bndbox>
			<xmin>386</xmin>
			<ymin>288</ymin>
			<xmax>457</xmax>
			<ymax>350</ymax>
		</bndbox>
	</object>
	<object>
		<name>Character</name>
		<pose>Unspecified</pose>
		<truncated>0</truncated>
		<difficult>0</difficult>
		<bndbox>
			<xmin>316</xmin>
			<ymin>204</ymin>
			<xmax>415</xmax>
			<ymax>281</ymax>
		</bndbox>
	</object>
	<object>
		<name>Character</name>
		<pose>Unspecified</pose>
		<truncated>0</truncated>
		<difficult>0</difficult>
		<bndbox>
			<xmin>280</xmin>
			<ymin>224</ymin>
			<xmax>312</xmax>
			<ymax>278</ymax>
		</bndbox>
	</object>
</annotation>