<annotation>
	<folder>metinek</folder>
	<filename>1691749248.4776676_gray.jpg</filename>
	<path>/metinek/1691749248.4776676_gray.jpg</path>
	<source>
		<database>Unspecified</database>
	</source>
	<size>
		<width>716</width>
		<height>539</height>
		<depth>3</depth>
	</size>
	<object>
		<name>Metin</name>
		<pose>Unspecified</pose>
		<truncated>0</truncated>
		<difficult>0</difficult>
		<bndbox>
			<xmin>481</xmin>
			<ymin>206</ymin>
			<xmax>522</xmax>
			<ymax>254</ymax>
		</bndbox>
	</object>
	<object>
		<name>Character</name>
		<pose>Unspecified</pose>
		<truncated>0</truncated>
		<difficult>0</difficult>
		<bndbox>
			<xmin>337</xmin>
			<ymin>259</ymin>
			<xmax>364</xmax>
			<ymax>307</ymax>
		</bndbox>
	</object>
	<object>
		<name>Character</name>
		<pose>Unspecified</pose>
		<truncated>0</truncated>
		<difficult>0</difficult>
		<bndbox>
			<xmin>318</xmin>
			<ymin>204</ymin>
			<xmax>400</xmax>
			<ymax>298</ymax>
		</bndbox>
	</object>
</annotation>