<annotation>
	<folder>metinek</folder>
	<filename>1691749293.082308_gray.jpg</filename>
	<path>/metinek/1691749293.082308_gray.jpg</path>
	<source>
		<database>Unspecified</database>
	</source>
	<size>
		<width>716</width>
		<height>539</height>
		<depth>3</depth>
	</size>
	<object>
		<name>Character</name>
		<pose>Unspecified</pose>
		<truncated>0</truncated>
		<difficult>0</difficult>
		<bndbox>
			<xmin>313</xmin>
			<ymin>192</ymin>
			<xmax>388</xmax>
			<ymax>286</ymax>
		</bndbox>
	</object>
	<object>
		<name>Character</name>
		<pose>Unspecified</pose>
		<truncated>0</truncated>
		<difficult>0</difficult>
		<bndbox>
			<xmin>272</xmin>
			<ymin>309</ymin>
			<xmax>333</xmax>
			<ymax>426</ymax>
		</bndbox>
	</object>
</annotation>