<annotation>
	<folder>metinek</folder>
	<filename>1691749245.8095775_gray.jpg</filename>
	<path>/metinek/1691749245.8095775_gray.jpg</path>
	<source>
		<database>Unspecified</database>
	</source>
	<size>
		<width>716</width>
		<height>539</height>
		<depth>3</depth>
	</size>
	<object>
		<name>Metin</name>
		<pose>Unspecified</pose>
		<truncated>0</truncated>
		<difficult>0</difficult>
		<bndbox>
			<xmin>212</xmin>
			<ymin>193</ymin>
			<xmax>257</xmax>
			<ymax>245</ymax>
		</bndbox>
	</object>
	<object>
		<name>Character</name>
		<pose>Unspecified</pose>
		<truncated>0</truncated>
		<difficult>0</difficult>
		<bndbox>
			<xmin>388</xmin>
			<ymin>218</ymin>
			<xmax>419</xmax>
			<ymax>268</ymax>
		</bndbox>
	</object>
	<object>
		<name>Character</name>
		<pose>Unspecified</pose>
		<truncated>0</truncated>
		<difficult>0</difficult>
		<bndbox>
			<xmin>293</xmin>
			<ymin>204</ymin>
			<xmax>384</xmax>
			<ymax>288</ymax>
		</bndbox>
	</object>
</annotation>