<annotation>
	<folder>metinek</folder>
	<filename>1691749248.588091_gray.jpg</filename>
	<path>/metinek/1691749248.588091_gray.jpg</path>
	<source>
		<database>Unspecified</database>
	</source>
	<size>
		<width>716</width>
		<height>539</height>
		<depth>3</depth>
	</size>
	<object>
		<name>Metin</name>
		<pose>Unspecified</pose>
		<truncated>0</truncated>
		<difficult>0</difficult>
		<bndbox>
			<xmin>462</xmin>
			<ymin>197</ymin>
			<xmax>503</xmax>
			<ymax>246</ymax>
		</bndbox>
	</object>
	<object>
		<name>Character</name>
		<pose>Unspecified</pose>
		<truncated>0</truncated>
		<difficult>0</difficult>
		<bndbox>
			<xmin>346</xmin>
			<ymin>253</ymin>
			<xmax>385</xmax>
			<ymax>300</ymax>
		</bndbox>
	</object>
	<object>
		<name>Character</name>
		<pose>Unspecified</pose>
		<truncated>0</truncated>
		<difficult>0</difficult>
		<bndbox>
			<xmin>316</xmin>
			<ymin>207</ymin>
			<xmax>393</xmax>
			<ymax>280</ymax>
		</bndbox>
	</object>
</annotation>