<annotation>
	<folder>metinek</folder>
	<filename>1691749306.2846859_gray.jpg</filename>
	<path>/metinek/1691749306.2846859_gray.jpg</path>
	<source>
		<database>Unspecified</database>
	</source>
	<size>
		<width>716</width>
		<height>539</height>
		<depth>3</depth>
	</size>
	<object>
		<name>Metin</name>
		<pose>Unspecified</pose>
		<truncated>0</truncated>
		<difficult>0</difficult>
		<bndbox>
			<xmin>99</xmin>
			<ymin>183</ymin>
			<xmax>211</xmax>
			<ymax>286</ymax>
		</bndbox>
	</object>
</annotation>