<annotation>
	<folder>metinek</folder>
	<filename>1691749248.6510465_gray.jpg</filename>
	<path>/metinek/1691749248.6510465_gray.jpg</path>
	<source>
		<database>Unspecified</database>
	</source>
	<size>
		<width>716</width>
		<height>539</height>
		<depth>3</depth>
	</size>
	<object>
		<name>Metin</name>
		<pose>Unspecified</pose>
		<truncated>0</truncated>
		<difficult>0</difficult>
		<bndbox>
			<xmin>451</xmin>
			<ymin>191</ymin>
			<xmax>495</xmax>
			<ymax>249</ymax>
		</bndbox>
	</object>
	<object>
		<name>Character</name>
		<pose>Unspecified</pose>
		<truncated>0</truncated>
		<difficult>0</difficult>
		<bndbox>
			<xmin>353</xmin>
			<ymin>252</ymin>
			<xmax>388</xmax>
			<ymax>305</ymax>
		</bndbox>
	</object>
	<object>
		<name>Character</name>
		<pose>Unspecified</pose>
		<truncated>0</truncated>
		<difficult>0</difficult>
		<bndbox>
			<xmin>320</xmin>
			<ymin>208</ymin>
			<xmax>384</xmax>
			<ymax>278</ymax>
		</bndbox>
	</object>
</annotation>