<annotation>
	<folder>metinek</folder>
	<filename>1691749324.8171072_gray.jpg</filename>
	<path>/metinek/1691749324.8171072_gray.jpg</path>
	<source>
		<database>Unspecified</database>
	</source>
	<size>
		<width>716</width>
		<height>539</height>
		<depth>3</depth>
	</size>
	<object>
		<name>Metin</name>
		<pose>Unspecified</pose>
		<truncated>0</truncated>
		<difficult>0</difficult>
		<bndbox>
			<xmin>110</xmin>
			<ymin>168</ymin>
			<xmax>144</xmax>
			<ymax>217</ymax>
		</bndbox>
	</object>
</annotation>