<annotation>
	<folder>metinek</folder>
	<filename>1691749272.5120883_gray.jpg</filename>
	<path>/metinek/1691749272.5120883_gray.jpg</path>
	<source>
		<database>Unspecified</database>
	</source>
	<size>
		<width>716</width>
		<height>539</height>
		<depth>3</depth>
	</size>
	<object>
		<name>Character</name>
		<pose>Unspecified</pose>
		<truncated>0</truncated>
		<difficult>0</difficult>
		<bndbox>
			<xmin>305</xmin>
			<ymin>196</ymin>
			<xmax>409</xmax>
			<ymax>270</ymax>
		</bndbox>
	</object>
	<object>
		<name>Character</name>
		<pose>Unspecified</pose>
		<truncated>0</truncated>
		<difficult>0</difficult>
		<bndbox>
			<xmin>299</xmin>
			<ymin>260</ymin>
			<xmax>343</xmax>
			<ymax>311</ymax>
		</bndbox>
	</object>
</annotation>