<annotation>
	<folder>metinek</folder>
	<filename>1691749272.9829493_gray.jpg</filename>
	<path>/metinek/1691749272.9829493_gray.jpg</path>
	<source>
		<database>Unspecified</database>
	</source>
	<size>
		<width>716</width>
		<height>539</height>
		<depth>3</depth>
	</size>
	<object>
		<name>Character</name>
		<pose>Unspecified</pose>
		<truncated>0</truncated>
		<difficult>0</difficult>
		<bndbox>
			<xmin>353</xmin>
			<ymin>277</ymin>
			<xmax>384</xmax>
			<ymax>310</ymax>
		</bndbox>
	</object>
	<object>
		<name>Character</name>
		<pose>Unspecified</pose>
		<truncated>0</truncated>
		<difficult>0</difficult>
		<bndbox>
			<xmin>310</xmin>
			<ymin>204</ymin>
			<xmax>404</xmax>
			<ymax>287</ymax>
		</bndbox>
	</object>
</annotation>