<annotation>
	<folder>metinek</folder>
	<filename>1691749272.717451_gray.jpg</filename>
	<path>/metinek/1691749272.717451_gray.jpg</path>
	<source>
		<database>Unspecified</database>
	</source>
	<size>
		<width>716</width>
		<height>539</height>
		<depth>3</depth>
	</size>
	<object>
		<name>Character</name>
		<pose>Unspecified</pose>
		<truncated>0</truncated>
		<difficult>0</difficult>
		<bndbox>
			<xmin>324</xmin>
			<ymin>263</ymin>
			<xmax>379</xmax>
			<ymax>322</ymax>
		</bndbox>
	</object>
	<object>
		<name>Character</name>
		<pose>Unspecified</pose>
		<truncated>0</truncated>
		<difficult>0</difficult>
		<bndbox>
			<xmin>315</xmin>
			<ymin>208</ymin>
			<xmax>415</xmax>
			<ymax>286</ymax>
		</bndbox>
	</object>
</annotation>