<annotation>
	<folder>metinek</folder>
	<filename>1691749271.71708_gray.jpg</filename>
	<path>/metinek/1691749271.71708_gray.jpg</path>
	<source>
		<database>Unspecified</database>
	</source>
	<size>
		<width>716</width>
		<height>539</height>
		<depth>3</depth>
	</size>
	<object>
		<name>Character</name>
		<pose>Unspecified</pose>
		<truncated>0</truncated>
		<difficult>0</difficult>
		<bndbox>
			<xmin>325</xmin>
			<ymin>196</ymin>
			<xmax>394</xmax>
			<ymax>293</ymax>
		</bndbox>
	</object>
	<object>
		<name>Character</name>
		<pose>Unspecified</pose>
		<truncated>0</truncated>
		<difficult>0</difficult>
		<bndbox>
			<xmin>266</xmin>
			<ymin>213</ymin>
			<xmax>312</xmax>
			<ymax>265</ymax>
		</bndbox>
	</object>
</annotation>