<annotation>
	<folder>metinek</folder>
	<filename>1691749247.1816435_gray.jpg</filename>
	<path>/metinek/1691749247.1816435_gray.jpg</path>
	<source>
		<database>Unspecified</database>
	</source>
	<size>
		<width>716</width>
		<height>539</height>
		<depth>3</depth>
	</size>
	<object>
		<name>Metin</name>
		<pose>Unspecified</pose>
		<truncated>0</truncated>
		<difficult>0</difficult>
		<bndbox>
			<xmin>304</xmin>
			<ymin>289</ymin>
			<xmax>360</xmax>
			<ymax>353</ymax>
		</bndbox>
	</object>
	<object>
		<name>Character</name>
		<pose>Unspecified</pose>
		<truncated>0</truncated>
		<difficult>0</difficult>
		<bndbox>
			<xmin>281</xmin>
			<ymin>219</ymin>
			<xmax>311</xmax>
			<ymax>272</ymax>
		</bndbox>
	</object>
	<object>
		<name>Character</name>
		<pose>Unspecified</pose>
		<truncated>0</truncated>
		<difficult>0</difficult>
		<bndbox>
			<xmin>320</xmin>
			<ymin>209</ymin>
			<xmax>394</xmax>
			<ymax>288</ymax>
		</bndbox>
	</object>
</annotation>