<annotation>
	<folder>metinek</folder>
	<filename>1691749249.5405571_gray.jpg</filename>
	<path>/metinek/1691749249.5405571_gray.jpg</path>
	<source>
		<database>Unspecified</database>
	</source>
	<size>
		<width>716</width>
		<height>539</height>
		<depth>3</depth>
	</size>
	<object>
		<name>Metin</name>
		<pose>Unspecified</pose>
		<truncated>0</truncated>
		<difficult>0</difficult>
		<bndbox>
			<xmin>260</xmin>
			<ymin>177</ymin>
			<xmax>297</xmax>
			<ymax>232</ymax>
		</bndbox>
	</object>
	<object>
		<name>Character</name>
		<pose>Unspecified</pose>
		<truncated>0</truncated>
		<difficult>0</difficult>
		<bndbox>
			<xmin>394</xmin>
			<ymin>222</ymin>
			<xmax>426</xmax>
			<ymax>277</ymax>
		</bndbox>
	</object>
	<object>
		<name>Character</name>
		<pose>Unspecified</pose>
		<truncated>0</truncated>
		<difficult>0</difficult>
		<bndbox>
			<xmin>285</xmin>
			<ymin>205</ymin>
			<xmax>381</xmax>
			<ymax>283</ymax>
		</bndbox>
	</object>
</annotation>