<annotation>
	<folder>metinek</folder>
	<filename>1691749293.3779852_gray.jpg</filename>
	<path>/metinek/1691749293.3779852_gray.jpg</path>
	<source>
		<database>Unspecified</database>
	</source>
	<size>
		<width>716</width>
		<height>539</height>
		<depth>3</depth>
	</size>
	<object>
		<name>Character</name>
		<pose>Unspecified</pose>
		<truncated>0</truncated>
		<difficult>0</difficult>
		<bndbox>
			<xmin>314</xmin>
			<ymin>195</ymin>
			<xmax>394</xmax>
			<ymax>289</ymax>
		</bndbox>
	</object>
	<object>
		<name>Character</name>
		<pose>Unspecified</pose>
		<truncated>0</truncated>
		<difficult>0</difficult>
		<bndbox>
			<xmin>292</xmin>
			<ymin>386</ymin>
			<xmax>359</xmax>
			<ymax>478</ymax>
		</bndbox>
	</object>
</annotation>