<annotation>
	<folder>metinek</folder>
	<filename>1691749302.6110477_gray.jpg</filename>
	<path>/metinek/1691749302.6110477_gray.jpg</path>
	<source>
		<database>Unspecified</database>
	</source>
	<size>
		<width>716</width>
		<height>539</height>
		<depth>3</depth>
	</size>
	<object>
		<name>Metin</name>
		<pose>Unspecified</pose>
		<truncated>0</truncated>
		<difficult>0</difficult>
		<bndbox>
			<xmin>513</xmin>
			<ymin>179</ymin>
			<xmax>604</xmax>
			<ymax>323</ymax>
		</bndbox>
	</object>
	<object>
		<name>Character</name>
		<pose>Unspecified</pose>
		<truncated>0</truncated>
		<difficult>0</difficult>
		<bndbox>
			<xmin>295</xmin>
			<ymin>152</ymin>
			<xmax>404</xmax>
			<ymax>348</ymax>
		</bndbox>
	</object>
</annotation>