<annotation>
	<folder>metinek</folder>
	<filename>1691749272.2930195_gray.jpg</filename>
	<path>/metinek/1691749272.2930195_gray.jpg</path>
	<source>
		<database>Unspecified</database>
	</source>
	<size>
		<width>716</width>
		<height>539</height>
		<depth>3</depth>
	</size>
	<object>
		<name>Character</name>
		<pose>Unspecified</pose>
		<truncated>0</truncated>
		<difficult>0</difficult>
		<bndbox>
			<xmin>318</xmin>
			<ymin>199</ymin>
			<xmax>417</xmax>
			<ymax>287</ymax>
		</bndbox>
	</object>
	<object>
		<name>Character</name>
		<pose>Unspecified</pose>
		<truncated>0</truncated>
		<difficult>0</difficult>
		<bndbox>
			<xmin>281</xmin>
			<ymin>252</ymin>
			<xmax>330</xmax>
			<ymax>304</ymax>
		</bndbox>
	</object>
</annotation>