<annotation>
	<folder>metinek</folder>
	<filename>1691749250.40594_gray.jpg</filename>
	<path>/metinek/1691749250.40594_gray.jpg</path>
	<source>
		<database>Unspecified</database>
	</source>
	<size>
		<width>716</width>
		<height>539</height>
		<depth>3</depth>
	</size>
	<object>
		<name>Metin</name>
		<pose>Unspecified</pose>
		<truncated>0</truncated>
		<difficult>0</difficult>
		<bndbox>
			<xmin>155</xmin>
			<ymin>236</ymin>
			<xmax>210</xmax>
			<ymax>300</ymax>
		</bndbox>
	</object>
	<object>
		<name>Character</name>
		<pose>Unspecified</pose>
		<truncated>0</truncated>
		<difficult>0</difficult>
		<bndbox>
			<xmin>299</xmin>
			<ymin>203</ymin>
			<xmax>385</xmax>
			<ymax>295</ymax>
		</bndbox>
	</object>
</annotation>