<annotation>
	<folder>metinek</folder>
	<filename>1691749273.1247377_gray.jpg</filename>
	<path>/metinek/1691749273.1247377_gray.jpg</path>
	<source>
		<database>Unspecified</database>
	</source>
	<size>
		<width>716</width>
		<height>539</height>
		<depth>3</depth>
	</size>
	<object>
		<name>Character</name>
		<pose>Unspecified</pose>
		<truncated>0</truncated>
		<difficult>0</difficult>
		<bndbox>
			<xmin>363</xmin>
			<ymin>265</ymin>
			<xmax>400</xmax>
			<ymax>318</ymax>
		</bndbox>
	</object>
	<object>
		<name>Character</name>
		<pose>Unspecified</pose>
		<truncated>0</truncated>
		<difficult>0</difficult>
		<bndbox>
			<xmin>316</xmin>
			<ymin>211</ymin>
			<xmax>399</xmax>
			<ymax>274</ymax>
		</bndbox>
	</object>
</annotation>