<annotation>
	<folder>metinek</folder>
	<filename>1691749251.5130978_gray.jpg</filename>
	<path>/metinek/1691749251.5130978_gray.jpg</path>
	<source>
		<database>Unspecified</database>
	</source>
	<size>
		<width>716</width>
		<height>539</height>
		<depth>3</depth>
	</size>
	<object>
		<name>Metin</name>
		<pose>Unspecified</pose>
		<truncated>0</truncated>
		<difficult>0</difficult>
		<bndbox>
			<xmin>417</xmin>
			<ymin>284</ymin>
			<xmax>468</xmax>
			<ymax>346</ymax>
		</bndbox>
	</object>
	<object>
		<name>Character</name>
		<pose>Unspecified</pose>
		<truncated>0</truncated>
		<difficult>0</difficult>
		<bndbox>
			<xmin>274</xmin>
			<ymin>230</ymin>
			<xmax>308</xmax>
			<ymax>284</ymax>
		</bndbox>
	</object>
	<object>
		<name>Character</name>
		<pose>Unspecified</pose>
		<truncated>0</truncated>
		<difficult>0</difficult>
		<bndbox>
			<xmin>322</xmin>
			<ymin>204</ymin>
			<xmax>413</xmax>
			<ymax>280</ymax>
		</bndbox>
	</object>
</annotation>