<annotation>
	<folder>metinek</folder>
	<filename>1691749250.436043_gray.jpg</filename>
	<path>/metinek/1691749250.436043_gray.jpg</path>
	<source>
		<database>Unspecified</database>
	</source>
	<size>
		<width>716</width>
		<height>539</height>
		<depth>3</depth>
	</size>
	<object>
		<name>Metin</name>
		<pose>Unspecified</pose>
		<truncated>0</truncated>
		<difficult>0</difficult>
		<bndbox>
			<xmin>157</xmin>
			<ymin>235</ymin>
			<xmax>209</xmax>
			<ymax>303</ymax>
		</bndbox>
	</object>
	<object>
		<name>Character</name>
		<pose>Unspecified</pose>
		<truncated>0</truncated>
		<difficult>0</difficult>
		<bndbox>
			<xmin>309</xmin>
			<ymin>207</ymin>
			<xmax>382</xmax>
			<ymax>296</ymax>
		</bndbox>
	</object>
</annotation>