<annotation>
	<folder>metinek</folder>
	<filename>1691749272.4176593_gray.jpg</filename>
	<path>/metinek/1691749272.4176593_gray.jpg</path>
	<source>
		<database>Unspecified</database>
	</source>
	<size>
		<width>716</width>
		<height>539</height>
		<depth>3</depth>
	</size>
	<object>
		<name>Character</name>
		<pose>Unspecified</pose>
		<truncated>0</truncated>
		<difficult>0</difficult>
		<bndbox>
			<xmin>314</xmin>
			<ymin>200</ymin>
			<xmax>413</xmax>
			<ymax>288</ymax>
		</bndbox>
	</object>
	<object>
		<name>Character</name>
		<pose>Unspecified</pose>
		<truncated>0</truncated>
		<difficult>0</difficult>
		<bndbox>
			<xmin>290</xmin>
			<ymin>245</ymin>
			<xmax>345</xmax>
			<ymax>308</ymax>
		</bndbox>
	</object>
</annotation>