<annotation>
	<folder>metinek</folder>
	<filename>1691749250.0752788_gray.jpg</filename>
	<path>/metinek/1691749250.0752788_gray.jpg</path>
	<source>
		<database>Unspecified</database>
	</source>
	<size>
		<width>716</width>
		<height>539</height>
		<depth>3</depth>
	</size>
	<object>
		<name>Metin</name>
		<pose>Unspecified</pose>
		<truncated>0</truncated>
		<difficult>0</difficult>
		<bndbox>
			<xmin>165</xmin>
			<ymin>214</ymin>
			<xmax>224</xmax>
			<ymax>270</ymax>
		</bndbox>
	</object>
	<object>
		<name>Character</name>
		<pose>Unspecified</pose>
		<truncated>0</truncated>
		<difficult>0</difficult>
		<bndbox>
			<xmin>299</xmin>
			<ymin>200</ymin>
			<xmax>377</xmax>
			<ymax>294</ymax>
		</bndbox>
	</object>
	<object>
		<name>Character</name>
		<pose>Unspecified</pose>
		<truncated>0</truncated>
		<difficult>0</difficult>
		<bndbox>
			<xmin>367</xmin>
			<ymin>210</ymin>
			<xmax>404</xmax>
			<ymax>270</ymax>
		</bndbox>
	</object>
</annotation>