<annotation>
	<folder>metinek</folder>
	<filename>1691749273.0156045_gray.jpg</filename>
	<path>/metinek/1691749273.0156045_gray.jpg</path>
	<source>
		<database>Unspecified</database>
	</source>
	<size>
		<width>716</width>
		<height>539</height>
		<depth>3</depth>
	</size>
	<object>
		<name>Character</name>
		<pose>Unspecified</pose>
		<truncated>0</truncated>
		<difficult>0</difficult>
		<bndbox>
			<xmin>353</xmin>
			<ymin>270</ymin>
			<xmax>392</xmax>
			<ymax>323</ymax>
		</bndbox>
	</object>
	<object>
		<name>Character</name>
		<pose>Unspecified</pose>
		<truncated>0</truncated>
		<difficult>0</difficult>
		<bndbox>
			<xmin>306</xmin>
			<ymin>201</ymin>
			<xmax>404</xmax>
			<ymax>284</ymax>
		</bndbox>
	</object>
</annotation>