<annotation>
	<folder>metinek</folder>
	<filename>1691749249.4782305_gray.jpg</filename>
	<path>/metinek/1691749249.4782305_gray.jpg</path>
	<source>
		<database>Unspecified</database>
	</source>
	<size>
		<width>716</width>
		<height>539</height>
		<depth>3</depth>
	</size>
	<object>
		<name>Metin</name>
		<pose>Unspecified</pose>
		<truncated>0</truncated>
		<difficult>0</difficult>
		<bndbox>
			<xmin>273</xmin>
			<ymin>177</ymin>
			<xmax>312</xmax>
			<ymax>226</ymax>
		</bndbox>
	</object>
	<object>
		<name>Character</name>
		<pose>Unspecified</pose>
		<truncated>0</truncated>
		<difficult>0</difficult>
		<bndbox>
			<xmin>399</xmin>
			<ymin>224</ymin>
			<xmax>426</xmax>
			<ymax>277</ymax>
		</bndbox>
	</object>
	<object>
		<name>Character</name>
		<pose>Unspecified</pose>
		<truncated>0</truncated>
		<difficult>0</difficult>
		<bndbox>
			<xmin>298</xmin>
			<ymin>210</ymin>
			<xmax>381</xmax>
			<ymax>280</ymax>
		</bndbox>
	</object>
</annotation>