<annotation>
	<folder>metinek</folder>
	<filename>1691749251.1552515_gray.jpg</filename>
	<path>/metinek/1691749251.1552515_gray.jpg</path>
	<source>
		<database>Unspecified</database>
	</source>
	<size>
		<width>716</width>
		<height>539</height>
		<depth>3</depth>
	</size>
	<object>
		<name>Metin</name>
		<pose>Unspecified</pose>
		<truncated>0</truncated>
		<difficult>0</difficult>
		<bndbox>
			<xmin>304</xmin>
			<ymin>292</ymin>
			<xmax>369</xmax>
			<ymax>356</ymax>
		</bndbox>
	</object>
	<object>
		<name>Character</name>
		<pose>Unspecified</pose>
		<truncated>0</truncated>
		<difficult>0</difficult>
		<bndbox>
			<xmin>327</xmin>
			<ymin>208</ymin>
			<xmax>400</xmax>
			<ymax>287</ymax>
		</bndbox>
	</object>
	<object>
		<name>Character</name>
		<pose>Unspecified</pose>
		<truncated>0</truncated>
		<difficult>0</difficult>
		<bndbox>
			<xmin>277</xmin>
			<ymin>212</ymin>
			<xmax>320</xmax>
			<ymax>274</ymax>
		</bndbox>
	</object>
</annotation>