<annotation>
	<folder>metinek</folder>
	<filename>1691749333.4065208_gray.jpg</filename>
	<path>/metinek/1691749333.4065208_gray.jpg</path>
	<source>
		<database>Unspecified</database>
	</source>
	<size>
		<width>716</width>
		<height>539</height>
		<depth>3</depth>
	</size>
	<object>
		<name>Character</name>
		<pose>Unspecified</pose>
		<truncated>0</truncated>
		<difficult>0</difficult>
		<bndbox>
			<xmin>330</xmin>
			<ymin>202</ymin>
			<xmax>394</xmax>
			<ymax>280</ymax>
		</bndbox>
	</object>
	<object>
		<name>Character</name>
		<pose>Unspecified</pose>
		<truncated>0</truncated>
		<difficult>0</difficult>
		<bndbox>
			<xmin>296</xmin>
			<ymin>266</ymin>
			<xmax>355</xmax>
			<ymax>338</ymax>
		</bndbox>
	</object>
</annotation>