<annotation>
	<folder>metinek</folder>
	<filename>1691749250.5611694_gray.jpg</filename>
	<path>/metinek/1691749250.5611694_gray.jpg</path>
	<source>
		<database>Unspecified</database>
	</source>
	<size>
		<width>716</width>
		<height>539</height>
		<depth>3</depth>
	</size>
	<object>
		<name>Metin</name>
		<pose>Unspecified</pose>
		<truncated>0</truncated>
		<difficult>0</difficult>
		<bndbox>
			<xmin>169</xmin>
			<ymin>252</ymin>
			<xmax>223</xmax>
			<ymax>314</ymax>
		</bndbox>
	</object>
	<object>
		<name>Character</name>
		<pose>Unspecified</pose>
		<truncated>0</truncated>
		<difficult>0</difficult>
		<bndbox>
			<xmin>304</xmin>
			<ymin>203</ymin>
			<xmax>384</xmax>
			<ymax>308</ymax>
		</bndbox>
	</object>
</annotation>