<annotation>
	<folder>metinek</folder>
	<filename>1691749250.7632675_gray.jpg</filename>
	<path>/metinek/1691749250.7632675_gray.jpg</path>
	<source>
		<database>Unspecified</database>
	</source>
	<size>
		<width>716</width>
		<height>539</height>
		<depth>3</depth>
	</size>
	<object>
		<name>Metin</name>
		<pose>Unspecified</pose>
		<truncated>0</truncated>
		<difficult>0</difficult>
		<bndbox>
			<xmin>198</xmin>
			<ymin>268</ymin>
			<xmax>255</xmax>
			<ymax>336</ymax>
		</bndbox>
	</object>
	<object>
		<name>Character</name>
		<pose>Unspecified</pose>
		<truncated>0</truncated>
		<difficult>0</difficult>
		<bndbox>
			<xmin>310</xmin>
			<ymin>211</ymin>
			<xmax>336</xmax>
			<ymax>257</ymax>
		</bndbox>
	</object>
	<object>
		<name>Character</name>
		<pose>Unspecified</pose>
		<truncated>0</truncated>
		<difficult>0</difficult>
		<bndbox>
			<xmin>322</xmin>
			<ymin>200</ymin>
			<xmax>381</xmax>
			<ymax>289</ymax>
		</bndbox>
	</object>
</annotation>