<annotation>
	<folder>metinek</folder>
	<filename>1691749243.7661676_gray.jpg</filename>
	<path>/metinek/1691749243.7661676_gray.jpg</path>
	<source>
		<database>Unspecified</database>
	</source>
	<size>
		<width>716</width>
		<height>539</height>
		<depth>3</depth>
	</size>
	<object>
		<name>Metin</name>
		<pose>Unspecified</pose>
		<truncated>0</truncated>
		<difficult>0</difficult>
		<bndbox>
			<xmin>454</xmin>
			<ymin>272</ymin>
			<xmax>506</xmax>
			<ymax>334</ymax>
		</bndbox>
	</object>
	<object>
		<name>Character</name>
		<pose>Unspecified</pose>
		<truncated>0</truncated>
		<difficult>0</difficult>
		<bndbox>
			<xmin>287</xmin>
			<ymin>228</ymin>
			<xmax>308</xmax>
			<ymax>283</ymax>
		</bndbox>
	</object>
	<object>
		<name>Character</name>
		<pose>Unspecified</pose>
		<truncated>0</truncated>
		<difficult>0</difficult>
		<bndbox>
			<xmin>324</xmin>
			<ymin>207</ymin>
			<xmax>412</xmax>
			<ymax>283</ymax>
		</bndbox>
	</object>
</annotation>