<annotation>
	<folder>metinek</folder>
	<filename>1691749249.8729591_gray.jpg</filename>
	<path>/metinek/1691749249.8729591_gray.jpg</path>
	<source>
		<database>Unspecified</database>
	</source>
	<size>
		<width>716</width>
		<height>539</height>
		<depth>3</depth>
	</size>
	<object>
		<name>Metin</name>
		<pose>Unspecified</pose>
		<truncated>0</truncated>
		<difficult>0</difficult>
		<bndbox>
			<xmin>190</xmin>
			<ymin>196</ymin>
			<xmax>241</xmax>
			<ymax>255</ymax>
		</bndbox>
	</object>
	<object>
		<name>Character</name>
		<pose>Unspecified</pose>
		<truncated>0</truncated>
		<difficult>0</difficult>
		<bndbox>
			<xmin>384</xmin>
			<ymin>218</ymin>
			<xmax>413</xmax>
			<ymax>270</ymax>
		</bndbox>
	</object>
	<object>
		<name>Character</name>
		<pose>Unspecified</pose>
		<truncated>0</truncated>
		<difficult>0</difficult>
		<bndbox>
			<xmin>289</xmin>
			<ymin>203</ymin>
			<xmax>379</xmax>
			<ymax>284</ymax>
		</bndbox>
	</object>
</annotation>