<annotation>
	<folder>metinek</folder>
	<filename>1691749244.514135_gray.jpg</filename>
	<path>/metinek/1691749244.514135_gray.jpg</path>
	<source>
		<database>Unspecified</database>
	</source>
	<size>
		<width>716</width>
		<height>539</height>
		<depth>3</depth>
	</size>
	<object>
		<name>Metin</name>
		<pose>Unspecified</pose>
		<truncated>0</truncated>
		<difficult>0</difficult>
		<bndbox>
			<xmin>483</xmin>
			<ymin>208</ymin>
			<xmax>524</xmax>
			<ymax>255</ymax>
		</bndbox>
	</object>
	<object>
		<name>Character</name>
		<pose>Unspecified</pose>
		<truncated>0</truncated>
		<difficult>0</difficult>
		<bndbox>
			<xmin>338</xmin>
			<ymin>259</ymin>
			<xmax>368</xmax>
			<ymax>301</ymax>
		</bndbox>
	</object>
	<object>
		<name>Character</name>
		<pose>Unspecified</pose>
		<truncated>0</truncated>
		<difficult>0</difficult>
		<bndbox>
			<xmin>317</xmin>
			<ymin>204</ymin>
			<xmax>404</xmax>
			<ymax>287</ymax>
		</bndbox>
	</object>
</annotation>