<annotation>
	<folder>metinek</folder>
	<filename>1691749249.2441485_gray.jpg</filename>
	<path>/metinek/1691749249.2441485_gray.jpg</path>
	<source>
		<database>Unspecified</database>
	</source>
	<size>
		<width>716</width>
		<height>539</height>
		<depth>3</depth>
	</size>
	<object>
		<name>Metin</name>
		<pose>Unspecified</pose>
		<truncated>0</truncated>
		<difficult>0</difficult>
		<bndbox>
			<xmin>329</xmin>
			<ymin>180</ymin>
			<xmax>365</xmax>
			<ymax>220</ymax>
		</bndbox>
	</object>
	<object>
		<name>Character</name>
		<pose>Unspecified</pose>
		<truncated>0</truncated>
		<difficult>0</difficult>
		<bndbox>
			<xmin>394</xmin>
			<ymin>234</ymin>
			<xmax>426</xmax>
			<ymax>283</ymax>
		</bndbox>
	</object>
	<object>
		<name>Character</name>
		<pose>Unspecified</pose>
		<truncated>0</truncated>
		<difficult>0</difficult>
		<bndbox>
			<xmin>302</xmin>
			<ymin>211</ymin>
			<xmax>380</xmax>
			<ymax>284</ymax>
		</bndbox>
	</object>
</annotation>