<annotation>
	<folder>metinek</folder>
	<filename>1691749246.1662884_gray.jpg</filename>
	<path>/metinek/1691749246.1662884_gray.jpg</path>
	<source>
		<database>Unspecified</database>
	</source>
	<size>
		<width>716</width>
		<height>539</height>
		<depth>3</depth>
	</size>
	<object>
		<name>Metin</name>
		<pose>Unspecified</pose>
		<truncated>0</truncated>
		<difficult>0</difficult>
		<bndbox>
			<xmin>167</xmin>
			<ymin>215</ymin>
			<xmax>211</xmax>
			<ymax>274</ymax>
		</bndbox>
	</object>
	<object>
		<name>Character</name>
		<pose>Unspecified</pose>
		<truncated>0</truncated>
		<difficult>0</difficult>
		<bndbox>
			<xmin>293</xmin>
			<ymin>201</ymin>
			<xmax>375</xmax>
			<ymax>296</ymax>
		</bndbox>
	</object>
	<object>
		<name>Character</name>
		<pose>Unspecified</pose>
		<truncated>0</truncated>
		<difficult>0</difficult>
		<bndbox>
			<xmin>358</xmin>
			<ymin>214</ymin>
			<xmax>394</xmax>
			<ymax>259</ymax>
		</bndbox>
	</object>
</annotation>