<annotation>
	<folder>metinek</folder>
	<filename>1691749314.6597533_gray.jpg</filename>
	<path>/metinek/1691749314.6597533_gray.jpg</path>
	<source>
		<database>Unspecified</database>
	</source>
	<size>
		<width>716</width>
		<height>539</height>
		<depth>3</depth>
	</size>
	<object>
		<name>Metin</name>
		<pose>Unspecified</pose>
		<truncated>0</truncated>
		<difficult>0</difficult>
		<bndbox>
			<xmin>228</xmin>
			<ymin>311</ymin>
			<xmax>337</xmax>
			<ymax>430</ymax>
		</bndbox>
	</object>
</annotation>