<annotation>
	<folder>metinek</folder>
	<filename>1691749249.9778552_gray.jpg</filename>
	<path>/metinek/1691749249.9778552_gray.jpg</path>
	<source>
		<database>Unspecified</database>
	</source>
	<size>
		<width>716</width>
		<height>539</height>
		<depth>3</depth>
	</size>
	<object>
		<name>Metin</name>
		<pose>Unspecified</pose>
		<truncated>0</truncated>
		<difficult>0</difficult>
		<bndbox>
			<xmin>181</xmin>
			<ymin>201</ymin>
			<xmax>227</xmax>
			<ymax>263</ymax>
		</bndbox>
	</object>
	<object>
		<name>Character</name>
		<pose>Unspecified</pose>
		<truncated>0</truncated>
		<difficult>0</difficult>
		<bndbox>
			<xmin>288</xmin>
			<ymin>201</ymin>
			<xmax>380</xmax>
			<ymax>294</ymax>
		</bndbox>
	</object>
	<object>
		<name>Character</name>
		<pose>Unspecified</pose>
		<truncated>0</truncated>
		<difficult>0</difficult>
		<bndbox>
			<xmin>371</xmin>
			<ymin>214</ymin>
			<xmax>409</xmax>
			<ymax>274</ymax>
		</bndbox>
	</object>
</annotation>