<annotation>
	<folder>metinek</folder>
	<filename>1691749242.8642485_gray.jpg</filename>
	<path>/metinek/1691749242.8642485_gray.jpg</path>
	<source>
		<database>Unspecified</database>
	</source>
	<size>
		<width>716</width>
		<height>539</height>
		<depth>3</depth>
	</size>
	<object>
		<name>Metin</name>
		<pose>Unspecified</pose>
		<truncated>0</truncated>
		<difficult>0</difficult>
		<bndbox>
			<xmin>200</xmin>
			<ymin>264</ymin>
			<xmax>269</xmax>
			<ymax>337</ymax>
		</bndbox>
	</object>
	<object>
		<name>Character</name>
		<pose>Unspecified</pose>
		<truncated>0</truncated>
		<difficult>0</difficult>
		<bndbox>
			<xmin>297</xmin>
			<ymin>203</ymin>
			<xmax>330</xmax>
			<ymax>254</ymax>
		</bndbox>
	</object>
	<object>
		<name>Character</name>
		<pose>Unspecified</pose>
		<truncated>0</truncated>
		<difficult>0</difficult>
		<bndbox>
			<xmin>321</xmin>
			<ymin>207</ymin>
			<xmax>378</xmax>
			<ymax>284</ymax>
		</bndbox>
	</object>
</annotation>