<annotation>
	<folder>metinek</folder>
	<filename>1691749273.405039_gray.jpg</filename>
	<path>/metinek/1691749273.405039_gray.jpg</path>
	<source>
		<database>Unspecified</database>
	</source>
	<size>
		<width>716</width>
		<height>539</height>
		<depth>3</depth>
	</size>
	<object>
		<name>Character</name>
		<pose>Unspecified</pose>
		<truncated>0</truncated>
		<difficult>0</difficult>
		<bndbox>
			<xmin>384</xmin>
			<ymin>264</ymin>
			<xmax>421</xmax>
			<ymax>309</ymax>
		</bndbox>
	</object>
	<object>
		<name>Character</name>
		<pose>Unspecified</pose>
		<truncated>0</truncated>
		<difficult>0</difficult>
		<bndbox>
			<xmin>312</xmin>
			<ymin>199</ymin>
			<xmax>389</xmax>
			<ymax>284</ymax>
		</bndbox>
	</object>
</annotation>